filename,width,height,class,xmin,ymin,xmax,ymax
20_jpg.rf.cccade40108e6e192248942b9521c6fc.jpg,640,640,Clown Loach,93,225,527,458
5_jpg.rf.cb6e18ba4227ad411aa4db2386b5aebc.jpg,640,640,Bristlenose Pleco,104,277,471,519
23_jpg.rf.c9c9a6c3cbca30e68b59ea68a3407990.jpg,640,640,Swordtail,57,144,566,514
50_jpg.rf.d0ee506bb39f94afb9dafeadf2411c9d.jpg,640,640,Swordtail,44,170,604,594
fa28_jpg.rf.d1d288cfff412ad855fa58aef8d1d201.jpg,640,640,Freshwater Angelfish,123,21,540,632
fa39_jpg.rf.c73e7c42ac3043d23376c66cc01ce8fc.jpg,640,640,Freshwater Angelfish,68,27,550,640
sd41_jpg.rf.d007baf993a6799f143c425196138f61.jpg,640,640,Silver Dollar,16,12,621,640
b2_png.rf.c81162a98a0abf57bd62ba71157eed4b.jpg,640,640,Bristlenose Pleco,100,228,553,483
plec31_jpg.rf.cd760da007c9f6c622e26c82f1ecaaa4.jpg,640,640,Bristlenose Pleco,95,163,481,380
plec21_png.rf.cb0890ee18a75eafe18630990df60c5c.jpg,640,640,Bristlenose Pleco,33,15,640,640
fa12_jpg.rf.cd9f4ff6b4a89761baa346b8d261ed17.jpg,640,640,Freshwater Angelfish,133,61,524,636
25_jpg.rf.d116f25c0ed992ca8e6d3244463f16e2.jpg,640,640,Swordtail,8,262,551,511
fa6_jpg.rf.cbe4e446c85c33b5991e74b08a4fc199.jpg,640,640,Freshwater Angelfish,104,141,416,633
sd14_jpg.rf.cad0fa2a490111206e79917dc10b255a.jpg,640,640,Silver Dollar,40,17,640,578
sd25_jpeg.rf.cec0399526713196315ddd2fb85946a1.jpg,640,640,Silver Dollar,2,69,640,537
plec21_png.rf.cbd7cb4ee36d87a823b140791ae4167e.jpg,640,640,Bristlenose Pleco,39,27,640,576
15_jpg.rf.cb4875a8856ad9282d7271ee516043c4.jpg,640,640,Neon Tetra,132,159,562,459
nt7_jpg.rf.ce3b1081d6c593a329ea225bdc26733f.jpg,640,640,Neon Tetra,58,72,590,497
8_jpg.rf.cb27e10bdc683dabd12f090ca25ab1b3.jpg,640,640,Clown Loach,68,26,632,457
6_jpeg.rf.d007f2c7468965900262ebde16035922.jpg,640,640,Bala Shark,85,105,579,506
fa2_jpg.rf.cffbc7a611d08fdc09af91ae33beb601.jpg,640,640,Freshwater Angelfish,9,152,300,640
fa2_jpg.rf.cffbc7a611d08fdc09af91ae33beb601.jpg,640,640,Freshwater Angelfish,156,12,450,640
2_jpg.rf.ccbaa9d6a9b7113bf0b872bf923fbddd.jpg,640,640,Bala Shark,0,181,633,477
4_jpg.rf.d1f4b0e3784f235133f86b9b9f0a88ec.jpg,640,640,Bristlenose Pleco,6,178,639,548
5_jpg.rf.c8f7aa8f11732a11807734108ebf2f95.jpg,640,640,Neon Tetra,50,110,601,586
leftt6_jpg.rf.c7bff0b9315f7b1363711af89c94ecf6.jpg,640,640,Bala Shark,60,154,595,530
plec31_jpg.rf.d3d95da3631ab64b9440fd2962ec8461.jpg,640,640,Bristlenose Pleco,93,164,479,377
neon-tetra12_jpg.rf.d2f255765a7f037198281d524531ffdc.jpg,640,640,Neon Tetra,56,64,618,575
12_jpg.rf.d2b071176dfd4a4052a58f6b7e8fb070.jpg,640,640,Bala Shark,48,86,537,550
8_jpg.rf.ce05918871c3534d0ff175a92c19fdc8.jpg,640,640,Bristlenose Pleco,36,267,608,542
37_jpg.rf.d308af944ab460b4c467c9e1dfbcc0e5.jpg,640,640,Swordtail,142,191,595,597
sd11_jpg.rf.d2c193ebcc441508f4fb873b901a0cf7.jpg,640,640,Silver Dollar,29,23,597,625
20_jpg.rf.d41a6c9e844e0f4e4cdc1ade2741a62a.jpg,640,640,Swordtail,55,155,621,474
b4_jpg.rf.d3183787a9730f3c2709e916e4b4c200.jpg,640,640,Bristlenose Pleco,67,164,640,481
15_jpg.rf.d454c942c03fadbf75755ba43d379f83.jpg,640,640,Clown Loach,3,211,621,460
5_jpg.rf.d4fcd5e7ef1b826c8c655f36465f2a0c.jpg,640,640,Silver Dollar,226,128,561,457
5_jpg.rf.d4fcd5e7ef1b826c8c655f36465f2a0c.jpg,640,640,Silver Dollar,31,94,342,372
5_jpg.rf.d4fcd5e7ef1b826c8c655f36465f2a0c.jpg,640,640,Silver Dollar,351,275,640,492
rig5_jpg.rf.d56a573f09141318464ac876d16b547d.jpg,640,640,Bala Shark,100,131,619,614
fa30_jpg.rf.d5915fb4e3dc6746a64b1a1bc5e7bd48.jpg,640,640,Freshwater Angelfish,205,3,512,633
b6_jpg.rf.d65327f43f36dbdfba676960b9b421b4.jpg,640,640,Bala Shark,32,70,600,536
37_jpg.rf.d6481340854fcea8d8f734e0b0e92dff.jpg,640,640,Swordtail,139,189,589,596
b10_jpg.rf.d690d0414daf64b5927fe89c602a2e01.jpg,640,640,Bala Shark,48,27,631,611
fa44_jpg.rf.d69b140bf8f640afa3129732e8aef422.jpg,640,640,Freshwater Angelfish,20,140,585,514
pleco13_jpg.rf.d7553530502f91880e8c5b8cf0d198ac.jpg,640,640,Bristlenose Pleco,10,228,640,534
lef2_jpg.rf.d6d434e5bb5ab43a65dc50e7135d471d.jpg,640,640,Bala Shark,86,23,631,557
nt4_jpg.rf.d6f269f6a90aa4793f24bad2a13820d6.jpg,640,640,Neon Tetra,20,96,614,492
3_jpg.rf.d83a8552f704a68b176314d70981f988.jpg,640,640,Swordtail,43,174,631,576
11_jpg.rf.d800859f94a03dc8d0a9a5c046437d3a.jpg,640,640,Swordtail,28,122,608,505
38_jpg.rf.d798e0b01d25e4fab1c9e4ba2ab51d4b.jpg,640,640,Swordtail,21,111,585,530
23_jpg.rf.daa79cd72048f1d3cdcdd51f741a5ff6.jpg,640,640,Swordtail,70,149,585,508
15_jpg.rf.db266a032ce163d0f74cf8b8c3f6ec25.jpg,640,640,Neon Tetra,138,155,558,444
n19_jpg.rf.da6eb450ae7e12ffa9622bf11c0a498d.jpg,640,640,Neon Tetra,53,154,541,495
2_jpeg.rf.dc568ed3029d35fad94b8e6bf149b31d.jpg,640,640,Clown Loach,102,193,488,472
3_jpg.rf.da76b34fb83b008b10e657efdee00e65.jpg,640,640,Bala Shark,123,56,473,258
leftt6_jpg.rf.dcd06d64aebfe06b4732effb1d4792db.jpg,640,640,Bala Shark,76,158,606,586
fa50_jpg.rf.dcdcb3831fe39294020902358e5f7203.jpg,640,640,Freshwater Angelfish,0,11,574,584
sd6_jpg.rf.dc0d6019b1be85ba3a02e771f3277946.jpg,640,640,Silver Dollar,99,59,494,470
neon-tetra12_jpg.rf.dcac02f83aaee48181744199b37150d5.jpg,640,640,Neon Tetra,49,81,634,594
fa54_jpg.rf.dcd7895c02b6a9481a2542dbfc56a0ef.jpg,640,640,Freshwater Angelfish,23,39,507,545
18_png.rf.dc32aab8551fd38a5beb65bc6774b3dd.jpg,640,640,Swordtail,78,111,577,380
18_png.rf.dc32aab8551fd38a5beb65bc6774b3dd.jpg,640,640,Swordtail,198,299,586,603
fa59_jpg.rf.d7d9eb5acd28a4d7fe52ef19f58489b2.jpg,640,640,Freshwater Angelfish,49,0,611,627
sd28_jpg.rf.dcddc6243db27ab9508207bed17028a5.jpg,640,640,Silver Dollar,34,106,589,499
11_jpg.rf.dc9c786bd17b265e29813766841acb1f.jpg,640,640,Neon Tetra,186,189,580,419
neon-tetra3_jpg.rf.ddf31c14cedf75de62b1ad70d7023ae4.jpg,640,640,Neon Tetra,16,177,592,562
fa30_jpg.rf.de105df7d671fcfe83f57dd7f5d965cf.jpg,640,640,Freshwater Angelfish,196,18,480,640
sd50_jpg.rf.ddc1681eb2363284f819b0eaac6cb97c.jpg,640,640,Silver Dollar,39,67,516,589
nt1_jpg.rf.de20692c69b466c5418ce24891bb2ba2.jpg,640,640,Neon Tetra,37,92,574,471
multiple-neon-tetra1_jpg.rf.dd5ce7eacb876f6dfa6bce27accd96f4.jpg,640,640,Neon Tetra,341,183,600,464
multiple-neon-tetra1_jpg.rf.dd5ce7eacb876f6dfa6bce27accd96f4.jpg,640,640,Neon Tetra,0,61,256,284
b19_jpg.rf.de021dda9c6b95dda4b23f0745b4926e.jpg,640,640,Bristlenose Pleco,60,180,550,482
fa49_jpg.rf.e086f01d5a69e7b5fb46f99e0dc72bed.jpg,640,640,Freshwater Angelfish,37,130,551,463
8_jpg.rf.dec9f53fe6f7e5d97d11d22d1721ac08.jpg,640,640,Neon Tetra,48,115,626,423
sd43_jpg.rf.e16f097512fc603e6551b4dd0c9031cb.jpg,640,640,Silver Dollar,37,101,531,570
u2_jpg.rf.e21c5e7fa71822c1d86009496943264c.jpg,640,640,Neon Tetra,16,129,614,490
55_jpg.rf.dfabca17258ebe42818dd0d9d0c321cd.jpg,640,640,Swordtail,20,158,522,426
sd21_jpg.rf.e27a9e63c617852ae13f2e94f4a3fb4c.jpg,640,640,Silver Dollar,71,15,599,622
fa10_jpg.rf.e309758955a680e07965bc3f101e857f.jpg,640,640,Freshwater Angelfish,48,7,611,578
lef1_jpg.rf.e2bb005b1f15e26bcb6e1ecc914c0ec2.jpg,640,640,Bala Shark,40,97,603,536
sd44_jpg.rf.e346887ecd1bd057c89184a1c7bd9161.jpg,640,640,Silver Dollar,68,131,595,491
34_jpg.rf.e33241a923bfdd258a9b0eca5f5597be.jpg,640,640,Swordtail,51,153,601,465
fa15_png.rf.e50435904d47ea7b23f8357238408906.jpg,640,640,Freshwater Angelfish,37,42,539,630
4_jpg.rf.e2b257e78a8675cc765c36382a4505cf.jpg,640,640,Bristlenose Pleco,3,169,631,557
9_jpeg.rf.e3402355234cc9f1dc276d6a972fae19.jpg,640,640,Bala Shark,116,135,597,527
15_jpg.rf.e50c157a6857b67b53090b5f570fdeba.jpg,640,640,Bala Shark,43,160,563,462
5_jpg.rf.e44153cfb93a858a993ef688851e7fda.jpg,640,640,Neon Tetra,84,101,598,608
5_jpg.rf.e3bafc6a6ea601cf7da9062444f63bcd.jpg,640,640,Silver Dollar,67,152,430,477
5_jpg.rf.e3bafc6a6ea601cf7da9062444f63bcd.jpg,640,640,Silver Dollar,261,95,600,331
5_jpg.rf.e3bafc6a6ea601cf7da9062444f63bcd.jpg,640,640,Silver Dollar,17,343,321,512
3_jpg.rf.e61a6ad033b0c6853b84d06f80a5e8e0.jpg,640,640,Bala Shark,14,93,602,566
lef2_jpg.rf.e48465222c2f5275bd35fb3c037f99ab.jpg,640,640,Bala Shark,90,19,632,556
49_jpg.rf.e6381a823e207f4825ec1820871b6823.jpg,640,640,Swordtail,35,190,626,461
sd2_jpg.rf.e75145e513d0562045cbda20acabcac3.jpg,640,640,Silver Dollar,30,128,605,569
lef1_jpg.rf.e5a42cdfdd97e2bb7a1bae81bfa853e6.jpg,640,640,Bala Shark,32,100,609,548
5_jpg.rf.e89c102db1c47f091a67258d651c934f.jpg,640,640,Bala Shark,37,108,407,418
5_jpg.rf.e89c102db1c47f091a67258d651c934f.jpg,640,640,Bala Shark,231,238,634,517
neon-tetra20_jpg.rf.e95eec860a519bfd91cc1acb2c3aa482.jpg,640,640,Neon Tetra,50,172,406,391
sd21_jpg.rf.e7293aee4a0547bc59515c931d4f7e50.jpg,640,640,Silver Dollar,61,27,599,616
26_jpg.rf.e96a84fcf28a5f7ea65b4ca66bb07987.jpg,640,640,Swordtail,105,200,557,523
47_jpg.rf.e3d66af48e7b8b9b09c5cef8061b9e1b.jpg,640,640,Swordtail,33,243,569,371
10_jpg.rf.e9946b24e8146a380df4da94e9b1b8cc.jpg,640,640,Silver Dollar,64,75,578,626
multiple-neon-tetra1_jpg.rf.e9613cfa152b727af357a01b9d993d75.jpg,640,640,Neon Tetra,45,203,311,478
multiple-neon-tetra1_jpg.rf.e9613cfa152b727af357a01b9d993d75.jpg,640,640,Neon Tetra,372,26,640,265
fa11_jpg.rf.e97c6e90e2ac035a6376211d85a553fb.jpg,640,640,Freshwater Angelfish,462,95,625,547
fa11_jpg.rf.e97c6e90e2ac035a6376211d85a553fb.jpg,640,640,Freshwater Angelfish,272,134,400,566
fa11_jpg.rf.e97c6e90e2ac035a6376211d85a553fb.jpg,640,640,Freshwater Angelfish,27,112,210,636
1_jpg.rf.e9b018653cdd3a5d310fc50cb9acbad2.jpg,640,640,Clown Loach,111,262,633,567
23_jpg.rf.ea671d527776eb8c05f3a272a2c414b1.jpg,640,640,Clown Loach,131,242,552,612
sd45_jpg.rf.ead9ed8598d1a715803c7b4bc0efe096.jpg,640,640,Silver Dollar,188,49,577,524
10_jpg.rf.eaed099bedee8b84f54365ddbf2309ad.jpg,640,640,Neon Tetra,242,89,485,265
10_jpg.rf.eaed099bedee8b84f54365ddbf2309ad.jpg,640,640,Neon Tetra,150,372,363,533
20_jpg.rf.eafb754bfd80dcbb66273ea8ad34e751.jpg,640,640,Swordtail,39,151,623,436
32_jpg.rf.ec6ce038edffba12a3ba474ac9eedc88.jpg,640,640,Clown Loach,17,60,624,578
b21_png.rf.e9e60275fce50d8dd5ccc42879780d12.jpg,640,640,Bristlenose Pleco,170,304,613,459
8_jpg.rf.ea3e84a70fdf1bd3358347ad68588fe5.jpg,640,640,Clown Loach,19,84,544,640
fa58_jpg.rf.ec5a04a1cc8a7feb02b71ea0a2a7917a.jpg,640,640,Freshwater Angelfish,138,88,618,640
c10_jpg.rf.ece4d2482141bf6e5374602df54dd0ca.jpg,640,640,Clown Loach,55,121,627,529
leftt1_jpg.rf.eeae81b40a007607bb15bfa582af6aad.jpg,640,640,Bala Shark,36,112,603,555
b21_png.rf.ed88ca9187c71743e38d893efcea3905.jpg,640,640,Bristlenose Pleco,22,305,464,465
multiple-neon-tetra1_jpg.rf.ebc64434951922030d492ecf10b86be3.jpg,640,640,Neon Tetra,41,192,304,470
multiple-neon-tetra1_jpg.rf.ebc64434951922030d492ecf10b86be3.jpg,640,640,Neon Tetra,379,45,640,273
plec38_jpg.rf.ef0f534d1848bcf31f2701341fb9477a.jpg,640,640,Bristlenose Pleco,3,60,618,469
11_jpg.rf.ef077ccd2670632d8c942f822d8948a9.jpg,640,640,Bala Shark,147,334,568,560
plec31_jpg.rf.f280d51b034c6afdb616a1cb00de90aa.jpg,640,640,Bristlenose Pleco,159,163,545,380
fa5_jpg.rf.f28726677a00ccc60f0dbd65f8057a51.jpg,640,640,Freshwater Angelfish,111,26,501,617
11_jpg.rf.f2530dca038afa0de21434dcb065808c.jpg,640,640,Swordtail,26,124,609,503
1_jpg.rf.efdc1f1c08d77bcb9745f23556b8b133.jpg,640,640,Bala Shark,0,49,577,605
fa42_jpg.rf.ef8ab4deb44615ba0f60429622c63c3d.jpg,640,640,Freshwater Angelfish,27,9,475,618
b3_jpg.rf.f162b2754db2c733ecb7930262564da2.jpg,640,640,Bristlenose Pleco,0,29,613,610
31_jpg.rf.f07428b6752d4c58a459d8e921d6871f.jpg,640,640,Swordtail,55,219,537,424
sd1_jpg.rf.f348a61cde045f12e80aa1f071700c64.jpg,640,640,Silver Dollar,89,109,524,536
fa35_jpg.rf.f31572e41d00e768505a56f24b89d2d5.jpg,640,640,Freshwater Angelfish,112,0,606,617
33_jpg.rf.f3f3c252fa16c825a4215da4def34bc2.jpg,640,640,Clown Loach,56,123,482,469
sd35_jpg.rf.f471b653e480a188625bd94e17bf3a87.jpg,640,640,Silver Dollar,56,53,584,584
1_jpg.rf.f4ad5f6a25a701728d2dcfb9bbd1c2c6.jpg,640,640,Bala Shark,0,205,194,365
1_jpg.rf.f4ad5f6a25a701728d2dcfb9bbd1c2c6.jpg,640,640,Bala Shark,219,190,596,395
50_jpg.rf.f4944c24f4a93f75fbe4e5cd14972a15.jpg,640,640,Swordtail,32,175,610,580
30_jpg.rf.f55ef895b00e33d8166632b5db0772f7.jpg,640,640,Swordtail,3,35,626,609
b9_jpg.rf.f6728272abeef396c9943729c18d7798.jpg,640,640,Bristlenose Pleco,114,267,612,492
b5_jpg.rf.f6f877a6ef00de9300e6fc0c5eac90d2.jpg,640,640,Bristlenose Pleco,0,173,565,617
49_jpg.rf.f59b36d0ac2bad3239d1d522d8033336.jpg,640,640,Swordtail,23,187,607,454
23_jpg.rf.f7830714268eaea6fc7ff507ecbf0ab2.jpg,640,640,Swordtail,65,134,556,528
27_jpg.rf.f77cb11c8fdbab61fd4ac0782eded14c.jpg,640,640,Clown Loach,10,48,636,640
8_jpg.rf.f7722e7794282733c56b8d3e2b90e5f3.jpg,640,640,Bala Shark,165,218,465,386
b7_jpg.rf.f6e2474dc1c462117d347aad161e6ca6.jpg,640,640,Bala Shark,94,140,568,561
14_jpg.rf.f9b21ecf8083e36e586bcc7bf3a85c7f.jpg,640,640,Clown Loach,34,112,612,600
2_jpeg.rf.f840052f1db179de1cf74321e6b71343.jpg,640,640,Clown Loach,163,189,545,476
plec1_jpg.rf.f7486194e82a68e319ebdcbd557f73b4.jpg,640,640,Bristlenose Pleco,63,234,572,478
c7_jpg.rf.f8c15f288261aba8e11c895c4c1202eb.jpg,640,640,Clown Loach,34,23,563,479
nt1_jpg.rf.fa9c104ab314a20b065935b0dc7146e2.jpg,640,640,Neon Tetra,57,116,594,511
fa35_jpg.rf.fa6c9182f1d40d00513c12b7171971c5.jpg,640,640,Freshwater Angelfish,112,0,606,615
34_jpg.rf.fa82994bd701d5c49625887fde4f6c52.jpg,640,640,Clown Loach,2,150,612,596
15_jpg.rf.faf3dc07c4fb412a2ff238ca90bf65cf.jpg,640,640,Clown Loach,2,220,631,513
plec35_jpg.rf.fae60d160a2d6cf635277e9159367bac.jpg,640,640,Bristlenose Pleco,8,254,610,426
sd11_jpg.rf.fbf52b77dac1609c7c1ad1c2ed4c3f14.jpg,640,640,Silver Dollar,28,30,615,626
neon-tetra20_jpg.rf.fbf9a81eee6f92513b96cd5cf792e160.jpg,640,640,Neon Tetra,239,159,583,394
19_jpg.rf.fc0a4e5a6a4106e1dcf8f83a9f751de9.jpg,640,640,Clown Loach,80,118,562,593
5_jpg.rf.fbd8ede213691a3bb54c622f9eb4b675.jpg,640,640,Clown Loach,109,302,635,589
17_jpg.rf.fc70791df09f5152ac6c7bb81032eb2d.jpg,640,640,Bala Shark,52,9,579,502
nt9_jpg.rf.fc152bafe13e4fb12fb45e1ca7440190.jpg,640,640,Neon Tetra,99,125,616,478
u2_jpg.rf.fc6ccdb2bf6c118ff48fda5752a12271.jpg,640,640,Neon Tetra,28,103,618,491
leff2_jpg.rf.fc695090c516fcf3b6ebf1e2c11684f4.jpg,640,640,Bala Shark,0,4,596,538
10_jpeg.rf.fce15bd05943443d3386587c6da6ceba.jpg,640,640,Bala Shark,28,144,535,458
cl4_jpg.rf.f88b9b14f61530bf210e7c374d6f8373.jpg,640,640,Clown Loach,31,49,621,570
9_jpg.rf.fd07423b03e8914ac44c7017eccbbab1.jpg,640,640,Bristlenose Pleco,37,238,610,453
neon-tetra5_jpg.rf.fd81fff6659b9b257d453187dc25d3c2.jpg,640,640,Neon Tetra,57,202,508,517
nt7_jpg.rf.fcaba704806f7d13e339f2cc243298ed.jpg,640,640,Neon Tetra,59,35,555,532
14_jpg.rf.fd9323e3e90b05ae4b6d6804de523ccb.jpg,640,640,Swordtail,69,147,588,446
22_jpg.rf.fcfb63cb4a1ddea79e90b76976f643d1.jpg,640,640,Swordtail,0,193,554,554
b18_jpg.rf.fdb0c6ebe9722f11ac4a5ab180a5b8ad.jpg,640,640,Bristlenose Pleco,12,161,598,551
49_jpg.rf.002229fd148c488cd8599eda888c319c.jpg,640,640,Swordtail,35,191,624,460
7_jpg.rf.0068d6eae0c60a3ccc4746b6d936b0d0.jpg,640,640,Clown Loach,187,325,358,385
7_jpg.rf.0068d6eae0c60a3ccc4746b6d936b0d0.jpg,640,640,Silver Dollar,367,192,542,291
17_jpg.rf.0074df9cb273c31807fea7e3739f86e7.jpg,640,640,Bala Shark,41,38,584,501
leftt2_jpg.rf.02c957e0e26edbd14817c73b7fcf2437.jpg,640,640,Bala Shark,140,139,515,415
26_jpg.rf.00945cc6a518289b1117d6ef279ec8dd.jpg,640,640,Clown Loach,34,66,640,536
fa30_jpg.rf.03b3c6c561dabbfbe304f21b8fead9bd.jpg,640,640,Freshwater Angelfish,163,20,444,640
9_jpg.rf.0308aaddbef62b25a48547bbd5e43a28.jpg,640,640,Bristlenose Pleco,57,277,625,453
57_jpg.rf.0472995fc3d955a3eeef5c345ea5b921.jpg,640,640,Swordtail,9,164,621,569
1_jpg.rf.0279a88a225ce1f6c3ac68bb0edfa430.jpg,640,640,Bala Shark,78,53,640,601
fa12_jpg.rf.047fa338dd164f60a3ed7bd68bcc5c5d.jpg,640,640,Freshwater Angelfish,120,40,529,630
cl2_jpg.rf.0533f2f2bb29c5e8e947a948d517511a.jpg,640,640,Clown Loach,34,129,620,619
plec23_jpg.rf.050b2d1ddb4f3576c5e2c2f7d7834f56.jpg,640,640,Bristlenose Pleco,17,153,633,473
12_jpg.rf.052ddd8c5c8e3b2ecbbd780ccb57c1f2.jpg,640,640,Swordtail,26,201,609,439
sd10_jpg.rf.0529855f884a3d5d10aa58c22eadf1e8.jpg,640,640,Silver Dollar,24,20,572,617
fa22_jpg.rf.05394ef7f2c8efbf5a6657962106b8c1.jpg,640,640,Freshwater Angelfish,80,0,515,588
multiple-neon-tetra3_jpg.rf.00732187e874a893bcb3e3246d739d4b.jpg,640,640,Neon Tetra,7,54,354,273
multiple-neon-tetra3_jpg.rf.00732187e874a893bcb3e3246d739d4b.jpg,640,640,Neon Tetra,243,256,567,499
33_jpg.rf.05e1f7c161879020754b624fa82f2698.jpg,640,640,Clown Loach,165,129,590,480
b22_jpg.rf.066e9485f9ac7860ab5b89bb9eb44166.jpg,640,640,Bristlenose Pleco,61,196,553,392
35_jpg.rf.079a39261acd3e39ba4a3661cb10cdc6.jpg,640,640,Swordtail,181,185,545,371
40_jpg.rf.077d0d9513dc80bcf30fdb938f658695.jpg,640,640,Swordtail,74,133,637,525
fa40_jpg.rf.06fdfa7cc3a531071fd76dd719789345.jpg,640,640,Freshwater Angelfish,125,63,533,602
35_jpg.rf.075fd43c142fd900df28159dd8c929e7.jpg,640,640,Swordtail,94,188,460,369
fa4_jpg.rf.0851f034f6f64e91d79a642e52447a3a.jpg,640,640,Freshwater Angelfish,98,0,508,628
nt4_jpg.rf.077f9b56b47f6af9e20542af7b8f8603.jpg,640,640,Neon Tetra,32,93,608,494
fa4_jpg.rf.0a3526af803651d2790febd466b38e79.jpg,640,640,Freshwater Angelfish,121,0,520,632
sd29_jpg.rf.0aa5ecda7ceddb23beb038cc622bd580.jpg,640,640,Silver Dollar,64,71,577,630
9_jpg.rf.08a176658939a16cebe88bd5250e6f16.jpg,640,640,Silver Dollar,76,54,506,568
12_jpg.rf.092050df8fb03c58fe6ea8b8d119cc4b.jpg,640,640,Bala Shark,64,89,574,527
neon-tetra2_jpg.rf.0ae218c55a341fdb6b622ba638c040ec.jpg,640,640,Neon Tetra,104,210,511,418
n19_jpg.rf.0b6147db0b114392fb139a8201a677ae.jpg,640,640,Neon Tetra,103,147,576,485
sd30_jpg.rf.0b89434595758c35e911f20dee7dd45e.jpg,640,640,Silver Dollar,148,81,456,484
sd27_jpg.rf.0be613863b6ce199084a59da628f3bab.jpg,640,640,Silver Dollar,98,100,545,576
33_jpg.rf.0c2ffdd712f0aa62c7fe42c16fd303b5.jpg,640,640,Clown Loach,162,126,582,475
fa15_png.rf.0bec3d64f1f0bdba3938b5fb9ef5a189.jpg,640,640,Freshwater Angelfish,61,13,600,615
3_jpg.rf.0b78ab536bf6d2122c8890b7117b51fa.jpg,640,640,Bala Shark,14,93,602,566
fa34_jpg.rf.0c754d06eab20c093b90472a917c1ccf.jpg,640,640,Freshwater Angelfish,348,190,446,351
b5_jpg.rf.0c3ad52160125e36bb034ee625d20453.jpg,640,640,Bala Shark,4,70,640,511
sd36_jpg.rf.0bbdc6bc6c2e1d2aaf590711675f50ef.jpg,640,640,Silver Dollar,19,76,605,505
13_jpg.rf.0d780db04a93e5c37073b5569cc0b759.jpg,640,640,Clown Loach,65,55,535,628
8_jpg.rf.0dc5e201202e6148200277f4f845b477.jpg,640,640,Clown Loach,10,90,554,640
5_jpg.rf.0df88d8a7e483e0a750ad540be109aee.jpg,640,640,Neon Tetra,60,107,589,588
15_jpg.rf.0fcfbe3424ac586ad498042a0464b768.jpg,640,640,Clown Loach,14,213,630,462
cl1_jpg.rf.107c46ec367d4d0edab4588d66886ef5.jpg,640,640,Clown Loach,10,97,615,469
10_jpeg.rf.0f12f47a00fa12bf0c0bcde7fd3c2d3a.jpg,640,640,Bala Shark,22,141,532,446
leftt1_jpg.rf.104a0b97b8f218ff13bb6d385b4653c1.jpg,640,640,Bala Shark,38,103,611,545
32_jpg.rf.106f4106a1270b57d3959191d3d67f15.jpg,640,640,Clown Loach,16,58,609,585
leftt2_jpg.rf.0f5cf3fe9363773cb4d6b0bcc04b91b9.jpg,640,640,Bala Shark,138,138,502,416
10_jpg.rf.11071cc52408536c7ea77ed397e32474.jpg,640,640,Neon Tetra,91,118,628,568
fa33_jpg.rf.10d06cf61cd1be5ba248d6c20a468b95.jpg,640,640,Freshwater Angelfish,16,0,519,640
neon-tetra13_png.rf.100d7d922d2047bd8fc9aa563090e980.jpg,640,640,Neon Tetra,96,174,589,409
fa45_jpg.rf.0f829363789ab2fa2f6c47d5d9fdc964.jpg,640,640,Freshwater Angelfish,152,79,430,624
c3_jpg.rf.11edfcc90a3eda0a152fe8973a63253b.jpg,640,640,Clown Loach,7,58,600,545
sd6_jpg.rf.11430b9ca72c16a432e94566c91cfabc.jpg,640,640,Silver Dollar,118,55,490,474
plec22_jpg.rf.1170a5110e5776f0dca3602f21fd7c28.jpg,640,640,Bristlenose Pleco,38,235,594,578
7_jpg.rf.11d294ef31233150fefbd87395c6c9c1.jpg,640,640,Silver Dollar,27,20,617,614
leff2_jpg.rf.11e2f0feaabe2a380e62c0b1b859ca1a.jpg,640,640,Bala Shark,27,48,598,598
cl2_jpg.rf.122d8ef2b35b633c7ef678c0c502a164.jpg,640,640,Clown Loach,17,149,619,611
6_jpg.rf.0f8cd0862daac9229fe53d445e4dc1f3.jpg,640,640,Bristlenose Pleco,9,21,584,581
11_jpg.rf.1224556be526c4f78d9e534cda7c4357.jpg,640,640,Swordtail,18,135,615,489
fa32_jpg.rf.10dc6b25eaf69ab8e26d4843c9f7ee1f.jpg,640,640,Freshwater Angelfish,38,87,640,495
plec23_jpg.rf.13173167d746a5e06afd9cb11da7d2ea.jpg,640,640,Bristlenose Pleco,28,153,640,482
28_jpg.rf.12c36e3049f485d6bcdf591f2e3cecd9.jpg,640,640,Clown Loach,42,148,579,498
fa28_jpg.rf.1379bdf8573a752bed1c23fc3b27da5a.jpg,640,640,Freshwater Angelfish,116,43,549,628
plec35_jpg.rf.1455a018588d5cb4ca6900682a946734.jpg,640,640,Bristlenose Pleco,0,229,609,390
10_jpg.rf.14fe665f927733e7922be332b5622dad.jpg,640,640,Silver Dollar,56,76,577,630
sd19_jpg.rf.138ff0fc652bd93d65aeeca859981934.jpg,640,640,Silver Dollar,38,0,559,598
4_jpg.rf.133a9ef15cfa9dd037b23ce59d743fdd.jpg,640,640,Swordtail,34,66,595,637
rig1_jpg.rf.15a6fe01aeb7181c4a2d41fd731b9857.jpg,640,640,Bala Shark,31,69,623,553
fa24_jpg.rf.164e789b636676b8f1c04e783fc69009.jpg,640,640,Freshwater Angelfish,199,58,516,591
16_jpg.rf.15d11a4d3e049539cb1f07d069859cba.jpg,640,640,Bala Shark,68,40,601,486
43_jpg.rf.16266f12b66dc05f15ab4f8165fcfe0d.jpg,640,640,Swordtail,91,108,580,335
43_jpg.rf.16266f12b66dc05f15ab4f8165fcfe0d.jpg,640,640,Swordtail,99,276,393,436
multiple-neon-tetra3_jpg.rf.15e310cb436552937ff0985db0ff82c0.jpg,640,640,Neon Tetra,32,35,372,245
multiple-neon-tetra3_jpg.rf.15e310cb436552937ff0985db0ff82c0.jpg,640,640,Neon Tetra,225,269,566,519
fa12_jpg.rf.16e821dc36f45a10a36c931641352175.jpg,640,640,Freshwater Angelfish,120,39,531,629
fa31_jpg.rf.165ae47667eade6177ebfa573b5a39e8.jpg,640,640,Freshwater Angelfish,173,77,507,630
fa31_jpg.rf.163d8842159b1af7fa39180d4e984a83.jpg,640,640,Freshwater Angelfish,197,93,533,633
4_jpg.rf.123e238d9212495e58f2bb28a2160bd5.jpg,640,640,Clown Loach,191,182,491,363
1_jpg.rf.178af4355143198ea65a3996dcb6578b.jpg,640,640,Swordtail,91,103,569,592
sd49_jpg.rf.177364f515818b720e0e44e4f921306b.jpg,640,640,Silver Dollar,22,8,606,611
b10_jpg.rf.187339dac8befb120b03f8f422b2d89d.jpg,640,640,Bala Shark,0,83,634,581
fa59_jpg.rf.17f2ddc14ff2be869f3a1300b2e5d557.jpg,640,640,Freshwater Angelfish,18,17,589,627
neon-tetra14_jpg.rf.1764c29ac3eb830cd0924c960e3cf281.jpg,640,640,Neon Tetra,42,88,554,610
2_jpg.rf.17c21d7bf4118fd32d55f617bbcf760a.jpg,640,640,Bala Shark,10,199,640,469
sd32_jpg.rf.172bcdbe48a1276621d88dce8379d125.jpg,640,640,Silver Dollar,14,7,547,590
plec30_jpg.rf.19947c1777697df68fe389c4fc5e6813.jpg,640,640,Bristlenose Pleco,104,92,541,481
b22_jpg.rf.1a5e772ef453688910ddef8eeadd32ac.jpg,640,640,Bristlenose Pleco,92,192,579,412
8_jpg.rf.17ac50ea1be810d995c1ec880564ebc8.jpg,640,640,Swordtail,70,200,601,425
4_jpg.rf.189c29414d5b01a4ff73243eab2aa77f.jpg,640,640,Bala Shark,247,372,542,639
4_jpg.rf.189c29414d5b01a4ff73243eab2aa77f.jpg,640,640,Bala Shark,69,0,455,383
3_jpg.rf.1aec2b59184204f85a3f4fa027780cb7.jpg,640,640,Neon Tetra,81,188,553,497
b10_jpg.rf.1b880020505b02ba12135ad8e9088721.jpg,640,640,Bristlenose Pleco,43,180,606,427
4_jpg.rf.1b6736e013c2402f3dc0593eecfccde3.jpg,640,640,Neon Tetra,60,93,606,543
b12_jpg.rf.1a7ee87b90b301ae8234f326952604c7.jpg,640,640,Bristlenose Pleco,31,189,640,577
18_png.rf.17fcd5d3a350930f296ac2bf80cddde6.jpg,640,640,Swordtail,76,107,541,420
18_png.rf.17fcd5d3a350930f296ac2bf80cddde6.jpg,640,640,Swordtail,85,286,442,633
4_jpg.rf.1a7f0a6d28043ff76b8289dd705ca42c.jpg,640,640,Bala Shark,71,71,613,556
c10_jpg.rf.1aa413df47b06191598eaa0cefbc9050.jpg,640,640,Clown Loach,54,122,628,527
sd44_jpg.rf.1dc0aa4176c4519654f04b17bccb03c8.jpg,640,640,Silver Dollar,37,141,569,504
fa52_jpg.rf.1bdcf8b0bfab472033990752eba35f52.jpg,640,640,Freshwater Angelfish,45,67,587,640
neon-tetra5_jpg.rf.1bf556376a57e756ac4020382ece2a06.jpg,640,640,Neon Tetra,61,211,530,516
7_jpg.rf.1db69c3b37d9d5af7516ca3241fa18d3.jpg,640,640,Bala Shark,113,349,490,639
7_jpg.rf.1db69c3b37d9d5af7516ca3241fa18d3.jpg,640,640,Bala Shark,240,5,625,310
7_jpg.rf.1db69c3b37d9d5af7516ca3241fa18d3.jpg,640,640,Bala Shark,44,24,330,308
43_jpg.rf.1d72f46de2962369b304b2afe03855a8.jpg,640,640,Swordtail,86,112,581,325
43_jpg.rf.1d72f46de2962369b304b2afe03855a8.jpg,640,640,Swordtail,103,280,395,447
12_jpg.rf.1e364f645f82fecbde42111afe54d969.jpg,640,640,Swordtail,26,201,609,439
3_jpg.rf.1e0c7404cbeabf5f9e4f6811613b9a09.jpg,640,640,Clown Loach,70,257,487,436
9_jpg.rf.1c851d77d16fa0dd7be792ee206cc1d8.jpg,640,640,Silver Dollar,73,52,522,562
15_jpg.rf.1ea42de99efa72519ac087532c174e26.jpg,640,640,Bala Shark,46,158,563,454
fa42_jpg.rf.1eb58cf236cc71d79a1e3fc5c096e100.jpg,640,640,Freshwater Angelfish,20,25,474,621
30_jpg.rf.1f06eed51c9506a799c2f002b6c26af0.jpg,640,640,Swordtail,30,32,604,635
sd5_jpg.rf.1e3f258166b7d6aa7cd39f78c932823d.jpg,640,640,Silver Dollar,184,85,549,437
20_jpg.rf.1ef118c0abb62b2125d528dea535cac5.jpg,640,640,Swordtail,16,150,603,435
3_jpg.rf.1fc55c383872e818d8a9d3d8fdf8251c.jpg,640,640,Clown Loach,73,265,491,455
24_jpg.rf.20836448ee544963cb28165281d4d4f7.jpg,640,640,Clown Loach,29,139,636,525
nt2_jpg.rf.1e7b16e3eb9986caa61565d0939346c2.jpg,640,640,Neon Tetra,46,79,550,444
sd44_jpg.rf.20b28bee24e0aed10a41158e6514914b.jpg,640,640,Silver Dollar,52,125,571,484
sd45_jpg.rf.2132a12eb07574b603bff0d072e736b3.jpg,640,640,Silver Dollar,63,49,454,525
b7_jpg.rf.20fcda334ef0dee5768786f71942c82a.jpg,640,640,Bristlenose Pleco,131,232,615,640
22_jpg.rf.20045e7027cd5425ef1734d18fa197be.jpg,640,640,Clown Loach,29,83,632,550
lef5_jpg.rf.21e75d8b662282ac71b67c68f5678f19.jpg,640,640,Bala Shark,168,109,529,410
20_jpg.rf.206bf8dcb706d22b30fa72d4848e95dd.jpg,640,640,Clown Loach,106,223,543,454
rig2_jpg.rf.22018a170a7989faf3ac2422ea890d26.jpg,640,640,Bala Shark,20,64,622,586
fa22_jpg.rf.21ef84dffef079dbb1a4562174281f16.jpg,640,640,Freshwater Angelfish,64,20,499,591
5_jpg.rf.22a5b3e5c29d0a5fcd6cb0383f74275e.jpg,640,640,Silver Dollar,231,115,559,456
5_jpg.rf.22a5b3e5c29d0a5fcd6cb0383f74275e.jpg,640,640,Silver Dollar,31,94,334,385
5_jpg.rf.22a5b3e5c29d0a5fcd6cb0383f74275e.jpg,640,640,Silver Dollar,360,255,640,486
sd5_jpg.rf.22c8038f5073406e28f0491756f4e5f5.jpg,640,640,Silver Dollar,187,79,547,435
8_jpg.rf.22414fdf5cd0fdf05b74102799a2992a.jpg,640,640,Neon Tetra,43,141,639,407
neon-tetra18_jpg.rf.222708a729fa6fb85d67977869f4ab49.jpg,640,640,Neon Tetra,76,113,606,550
fa10_jpg.rf.230a420f23400dfc8b8fd29941326056.jpg,640,640,Freshwater Angelfish,36,16,611,581
8_jpg.rf.22dca650bf91418f05ff20e877efde11.jpg,640,640,Bala Shark,43,115,454,417
b18_jpg.rf.22e469089e700f811eab40314767c8a5.jpg,640,640,Bristlenose Pleco,45,158,633,535
fa18_jpg.rf.2368f8b250370351f66923529de74e9c.jpg,640,640,Freshwater Angelfish,100,92,536,624
fa56_jpg.rf.234c2d059cd51eb142b8d03d837ebe48.jpg,640,640,Freshwater Angelfish,242,236,509,640
4_jpg.rf.24438cf535663d4efd44cf5ac736a09b.jpg,640,640,Clown Loach,23,109,630,640
7_jpg.rf.241b0907e0066c08607c95b22d35453d.jpg,640,640,Bristlenose Pleco,47,254,536,549
neon-tetra10_jpg.rf.23c5c14163c60d9ce04bc775e916ba3c.jpg,640,640,Neon Tetra,196,271,422,373
fa54_jpg.rf.22e645b3664397d21e5e9cd9359f049a.jpg,640,640,Freshwater Angelfish,27,31,512,539
6_jpg.rf.249ea5dcdbf9de86b0d38381d994ddb5.jpg,640,640,Clown Loach,23,191,634,545
fa27_jpg.rf.24869b0ccb97852b5ff66a662ba27394.jpg,640,640,Freshwater Angelfish,41,37,600,577
fa53_jpg.rf.23876846d0837a66dfd312acafb1d183.jpg,640,640,Freshwater Angelfish,142,196,424,640
14_jpg.rf.24780d919529e8c7adf4a9aba92fe716.jpg,640,640,Clown Loach,38,108,603,581
7_jpg.rf.2583290b267644362f2c472e275f8bc0.jpg,640,640,Bristlenose Pleco,136,257,602,575
29_jpg.rf.251b63375feaa633444bfe4d5c0a7e7f.jpg,640,640,Swordtail,69,81,603,609
10_jpg.rf.24cf3fb066458e06f7f3e1efb456a3a4.jpg,640,640,Bristlenose Pleco,40,200,543,528
1_jpg.rf.2530642d52da028945829dddd936ef85.jpg,640,640,Swordtail,105,101,560,603
fa24_jpg.rf.25f09fb24f4be10a5b713a11b270105b.jpg,640,640,Freshwater Angelfish,153,74,437,606
sd40_jpg.rf.25a787018b51022d36e95236e8135f2b.jpg,640,640,Silver Dollar,90,47,592,603
6_jpg.rf.2560e44c8fcd6c4e8cdb138f12d11f75.jpg,640,640,Silver Dollar,264,191,511,497
6_jpg.rf.2560e44c8fcd6c4e8cdb138f12d11f75.jpg,640,640,Silver Dollar,73,47,303,273
57_jpg.rf.28002d0afdad5607d678dc98b404219d.jpg,640,640,Swordtail,17,169,640,546
25_jpg.rf.268ba104eda983702c4a06520c933117.jpg,640,640,Swordtail,87,256,573,580
n19_jpg.rf.25c500de7828e57c07a0ddd20ac1bd9d.jpg,640,640,Neon Tetra,55,153,541,494
1_jpg.rf.266b9edd4deb48c77ebc96121f2c888b.jpg,640,640,Bristlenose Pleco,4,40,609,628
10_jpg.rf.27c9b2bc1a1cabf421cabccaa41f575c.jpg,640,640,Silver Dollar,63,82,596,637
neon-tetra15_jpg.rf.26bc6b5a8af71c0aa4cee6dd93998461.jpg,640,640,Neon Tetra,392,129,583,300
7_jpg.rf.27946bcf638470f4251168a5cffc8551.jpg,640,640,Clown Loach,287,313,458,386
7_jpg.rf.27946bcf638470f4251168a5cffc8551.jpg,640,640,Silver Dollar,91,201,264,301
fa56_jpg.rf.29605a48537e2d08f147248511612cd9.jpg,640,640,Freshwater Angelfish,112,237,400,639
42_jpg.rf.28eac7b9e55d5a3d061cfa6a84109a2f.jpg,640,640,Swordtail,95,91,571,300
42_jpg.rf.28eac7b9e55d5a3d061cfa6a84109a2f.jpg,640,640,Swordtail,272,315,569,529
9_jpg.rf.290015e9b182654a9bbc8d8a802f53e3.jpg,640,640,Neon Tetra,294,170,549,512
sd2_jpg.rf.298fa252fe9c1c68a8b5b2cfc320042b.jpg,640,640,Silver Dollar,29,132,612,574
sd8_jpg.rf.297acf49f86d416a5e99c773191a8a1c.jpg,640,640,Silver Dollar,13,15,521,564
38_jpg.rf.2a553b0022f9b9e7d5aa7f002de33908.jpg,640,640,Swordtail,32,105,566,552
b9_jpg.rf.2a15105c5ce12f70317fa98fcdb45244.jpg,640,640,Bristlenose Pleco,115,265,613,495
4_jpg.rf.2a79f9b9a40a45895b1b6b7f4726539f.jpg,640,640,Clown Loach,189,175,479,369
neon-tetra4_jpg.rf.2b6bd4f08ee346d5f428d66bd46e8d36.jpg,640,640,Neon Tetra,34,173,612,439
3_jpg.rf.2a89fce94f7606d1fdde0d549b728a0e.jpg,640,640,Bala Shark,119,57,469,259
plec2_jpg.rf.2a8720047c01c49dfa84c0780b2de6da.jpg,640,640,Bristlenose Pleco,55,136,572,593
b15_jpg.rf.2b8801e92b7b62d4ca2fef3b641201a4.jpg,640,640,Bristlenose Pleco,1,133,636,640
32_png.rf.2bae0b64ea4783ba9472287f7298609a.jpg,640,640,Swordtail,28,13,634,299
32_png.rf.2bae0b64ea4783ba9472287f7298609a.jpg,640,640,Swordtail,132,331,622,612
c10_jpg.rf.2ac856b498ca086f839706707a0728bf.jpg,640,640,Clown Loach,63,118,611,543
5_jpg.rf.2c40be150ad5e30d2aa6870401c3bc71.jpg,640,640,Bala Shark,235,100,606,404
5_jpg.rf.2c40be150ad5e30d2aa6870401c3bc71.jpg,640,640,Bala Shark,13,243,407,524
fa58_jpg.rf.2cb106e9695aa63077aaac7941372ce7.jpg,640,640,Freshwater Angelfish,33,53,516,640
1_jpg.rf.2b27b38aaeb445110416b635b10ea6dd.jpg,640,640,Clown Loach,0,245,502,563
8_jpg.rf.2cca0c7e930c747097319197b97ed9aa.jpg,640,640,Bala Shark,185,116,595,420
fa5_jpg.rf.2cc900500149ba0090abeae25fe489e7.jpg,640,640,Freshwater Angelfish,105,38,496,627
lef5_jpg.rf.2e20844d4baddb9c5f5b879d19672b3c.jpg,640,640,Bala Shark,109,114,474,405
sd13_jpg.rf.2e023adb8aacf3f722ea25fde9913574.jpg,640,640,Silver Dollar,34,22,619,582
fa17_jpg.rf.2df9b76470e435bafeaef40916ea745d.jpg,640,640,Freshwater Angelfish,291,139,629,640
sd13_jpg.rf.2cdc0baf5022f0ac78d75f9c92dd4621.jpg,640,640,Silver Dollar,46,32,631,588
59_jpg.rf.2e20c6e5d52f4dd8725f0e0bf8d5771b.jpg,640,640,Swordtail,32,186,596,455
7_jpg.rf.2e847958a772ec50a469587a44f775ff.jpg,640,640,Silver Dollar,40,16,613,610
fa52_jpg.rf.2ca1539d99513b13c4e87d08450523fc.jpg,640,640,Freshwater Angelfish,47,71,588,640
b15_jpg.rf.2cf9428cb55a44fbab74977c71ef1f0c.jpg,640,640,Bristlenose Pleco,0,163,640,615
sd43_jpg.rf.2e91f662091b3b986616170a5d2a1a4a.jpg,640,640,Silver Dollar,32,100,528,568
10_jpg.rf.2e3fcb9b12a02fa2b28e638016dcd221.jpg,640,640,Bristlenose Pleco,47,193,549,537
fa24_jpg.rf.2f27f50a38f2dc3a40ad59a961b7acb1.jpg,640,640,Freshwater Angelfish,199,56,521,589
54_jpg.rf.2e9608836a4f932d557d6b1e394391d3.jpg,640,640,Swordtail,0,139,566,586
plec4_jpg.rf.33834ccf2279280f5ea1acf7e789d3fe.jpg,640,640,Bristlenose Pleco,43,197,587,535
fa49_jpg.rf.2f591251384186a9d43cbcea4a5e5096.jpg,640,640,Freshwater Angelfish,59,141,543,488
fa59_jpg.rf.33ce67ba42bd1f8cfa3d786e76105be4.jpg,640,640,Freshwater Angelfish,26,0,591,624
rigg2_jpg.rf.33525da0dc488802aa435d4ff3d4e7aa.jpg,640,640,Bala Shark,44,60,628,547
1_jpg.rf.335758ec2759d9face0de5c558214018.jpg,640,640,Neon Tetra,80,72,519,503
32_jpg.rf.312feb91848b0727137b51ec43382a21.jpg,640,640,Clown Loach,3,65,640,565
sd36_jpg.rf.301c3ff478cb3d99025bbfefaa55b211.jpg,640,640,Silver Dollar,36,76,623,506
7_jpg.rf.3169dc5748c37c8f532d64788a0ae40b.jpg,640,640,Clown Loach,279,330,451,387
7_jpg.rf.3169dc5748c37c8f532d64788a0ae40b.jpg,640,640,Silver Dollar,103,187,278,286
lef1_jpg.rf.30c693003e7e4642990de5caa92f861d.jpg,640,640,Bala Shark,31,100,608,548
fa35_jpg.rf.317686f963d7b424cc024040d3c07de3.jpg,640,640,Freshwater Angelfish,34,0,527,607
b6_jpg.rf.33f6b0b85c5f4b0170f6882eaa7bb7e9.jpg,640,640,Bala Shark,21,69,609,537
5_jpg.rf.31610e598e6ee9e0f03a9d2d581b9f77.jpg,640,640,Clown Loach,41,63,603,471
nt1_jpg.rf.32dc73b21912aab4c5a8344ab463d18e.jpg,640,640,Neon Tetra,75,83,576,462
2_jpg.rf.2f32c2cb011df43ee1303360350071fc.jpg,640,640,Clown Loach,55,137,634,554
51_jpg.rf.2f7429cfabaa17730212b596d426f1c3.jpg,640,640,Swordtail,223,233,558,417
multiple-neon-tetra2_jpg.rf.2f4fca8dac7f0def1c895506f78832ef.jpg,640,640,Neon Tetra,444,260,631,391
multiple-neon-tetra2_jpg.rf.2f4fca8dac7f0def1c895506f78832ef.jpg,640,640,Neon Tetra,215,311,405,444
multiple-neon-tetra2_jpg.rf.2f4fca8dac7f0def1c895506f78832ef.jpg,640,640,Neon Tetra,304,149,493,280
multiple-neon-tetra2_jpg.rf.2f4fca8dac7f0def1c895506f78832ef.jpg,640,640,Neon Tetra,0,411,187,549
multiple-neon-tetra2_jpg.rf.2f4fca8dac7f0def1c895506f78832ef.jpg,640,640,Neon Tetra,28,145,216,273
multiple-neon-tetra2_jpg.rf.2f4fca8dac7f0def1c895506f78832ef.jpg,640,640,Neon Tetra,129,193,314,324
40_jpg.rf.31a5bd1c5dd77aef42f6ef6cd4093735.jpg,640,640,Swordtail,51,127,550,565
sd23_jpg.rf.34cc830ef5fbf33913c5dbef57c2a200.jpg,640,640,Silver Dollar,59,0,575,604
u2_jpg.rf.3039a894804538cd52c64814fe01e15c.jpg,640,640,Neon Tetra,23,126,620,490
15_jpg.rf.30dc5dddb1a320b1921826220c27cf34.jpg,640,640,Swordtail,27,174,613,569
26_jpg.rf.2fdc73ff2e3fdfaf5472c5464ff97475.jpg,640,640,Swordtail,126,192,526,564
8_jpg.rf.346dad1dacbebdf3ee5e5a267133e754.jpg,640,640,Clown Loach,3,39,577,453
plec22_jpg.rf.33c03f15b007a6465ce71e4f3d1a971e.jpg,640,640,Bristlenose Pleco,45,243,611,579
fa50_jpg.rf.3132013b35e1208d0e0dca9759050bee.jpg,640,640,Freshwater Angelfish,27,16,578,613
fa44_jpg.rf.32a229b66ac69dd9e09dcb3a08c630e8.jpg,640,640,Freshwater Angelfish,43,118,603,526
sd20_jpg.rf.350eb462a9b2cfd83ace03f1f4868193.jpg,640,640,Silver Dollar,88,77,611,587
plec24_JPG.rf.369f666aa63d8065c2713a06bd608cb3.jpg,640,640,Bristlenose Pleco,65,120,615,353
fa39_jpg.rf.35dfdf5fee81e284f1ace707fff09b52.jpg,640,640,Freshwater Angelfish,92,37,588,640
sd14_jpg.rf.366d35282b0e5aa6a379d03fabc2eb0c.jpg,640,640,Silver Dollar,3,11,586,574
44_jpg.rf.36ed5fcee3d7224a936cce75a7921076.jpg,640,640,Swordtail,54,205,621,375
plec35_jpg.rf.37319d71b26f8606a768e67b0a5abd1c.jpg,640,640,Bristlenose Pleco,4,253,611,413
24_jpg.rf.36b2a368af7b28ff942b90243c041e73.jpg,640,640,Clown Loach,0,139,609,529
lef5_jpg.rf.37b69f05a60ab8f2c382ef2588565610.jpg,640,640,Bala Shark,113,103,469,414
neon-tetra18_jpg.rf.37a7c510ce0be26dcba0102c24e09c27.jpg,640,640,Neon Tetra,70,130,613,578
fa38_jpg.rf.38e42632015aea24d33a71995e3be205.jpg,640,640,Freshwater Angelfish,135,3,481,622
3_jpg.rf.3805187c4ebc37b5c1eece958a62d859.jpg,640,640,Silver Dollar,97,137,507,496
5_jpg.rf.39b91825b29b4219fee5f26155c356b8.jpg,640,640,Swordtail,0,36,621,322
5_jpg.rf.39b91825b29b4219fee5f26155c356b8.jpg,640,640,Swordtail,99,314,596,627
c7_jpg.rf.39533e78b35f3f9145aaac9153ace58f.jpg,640,640,Clown Loach,43,26,564,493
9_jpg.rf.388faa7ec5cdab5dce903d89a9c12b97.jpg,640,640,Bala Shark,93,105,549,501
29_jpg.rf.3a334743ebffefd1455793a81dfe6577.jpg,640,640,Swordtail,54,108,627,579
55_jpg.rf.36f85ac0ab1a17e9e1987e243859c728.jpg,640,640,Swordtail,118,158,620,426
11_jpg.rf.3b4cfa943b6066abc096b4a50db599dd.jpg,640,640,Neon Tetra,185,195,586,428
fa28_jpg.rf.3a535dae73f6b8bdf22230aabfecc1c4.jpg,640,640,Freshwater Angelfish,133,15,545,633
3_jpg.rf.3a935c521ba65ec4de3b996f44b0fbc9.jpg,640,640,Bala Shark,183,63,534,265
c3_jpg.rf.3b064e988c9dadb4f383c4ffa7683bf9.jpg,640,640,Clown Loach,56,64,618,601
3_jpg.rf.3c860f13996b05d59ae7a7f55c6bd308.jpg,640,640,Clown Loach,147,270,565,466
9_jpg.rf.3bbf3268e13d26b1915b8f18154a40cc.jpg,640,640,Bala Shark,94,106,545,509
sd41_jpg.rf.3f17eda6ee3c3abea9f3a2e412d3e18c.jpg,640,640,Silver Dollar,18,10,618,640
fa4_jpg.rf.40aa213d8b4c21094d97eb4bf0397232.jpg,640,640,Freshwater Angelfish,95,2,506,627
rig5_jpg.rf.3d323ab00e58af4b096e9132c7bae9ec.jpg,640,640,Bala Shark,92,109,617,551
2_jpg.rf.40b98ba520fc6d3cdf9fe018a737e06c.jpg,640,640,Bala Shark,8,115,601,553
sd23_jpg.rf.4142b2029c82390564d852e37cf50080.jpg,640,640,Silver Dollar,27,0,608,577
29_jpg.rf.3ce7cf200148d9b477fb806371b6113c.jpg,640,640,Swordtail,71,51,558,640
b3_jpg.rf.3ff93d96f21ed089ce4b826598dc3507.jpg,640,640,Bristlenose Pleco,0,29,616,613
b2_png.rf.4166fde7c7b415d1a08796ca964d9fc6.jpg,640,640,Bristlenose Pleco,97,218,521,516
plec39_jpg.rf.40efbd7ab70c4252f422edaeea10c0e9.jpg,640,640,Bristlenose Pleco,25,104,622,556
12_jpg.rf.4243ae807676946a1ad391d894a44458.jpg,640,640,Bala Shark,58,91,583,528
56_jpg.rf.423a5195ba2a3b9233ec93f3e2a94940.jpg,640,640,Swordtail,53,279,625,498
5_jpg.rf.3bd16fbc9c998e780d2d6567d94f9570.jpg,640,640,Bala Shark,31,94,406,390
5_jpg.rf.3bd16fbc9c998e780d2d6567d94f9570.jpg,640,640,Bala Shark,235,248,619,531
fa56_jpg.rf.4233471293184141ba08783660f26c78.jpg,640,640,Freshwater Angelfish,115,237,400,640
30_jpg.rf.41bec64667a95b896c8b2b0e8d0b5447.jpg,640,640,Swordtail,0,39,638,587
fa25_jpg.rf.4304980e84747f6e5ba3ab2f7a5df48f.jpg,640,640,Freshwater Angelfish,202,139,444,587
17_jpg.rf.4368fddd7fecdd86ec52392b2fb892d0.jpg,640,640,Clown Loach,41,98,611,571
sd29_jpg.rf.430376571be7ba5d58c84506df055a00.jpg,640,640,Silver Dollar,79,70,588,609
7_jpg.rf.43c0c729e4663b8d53597347aabd7654.jpg,640,640,Neon Tetra,32,131,611,518
4_jpg.rf.43b4686b86caa423d7686255b6cad4a1.jpg,640,640,Clown Loach,191,180,488,365
rigg2_jpg.rf.4440d07c6ad62531996103861baa18fc.jpg,640,640,Bala Shark,11,51,592,546
10_jpg.rf.44aac9122ed3e9073789c8bc87d5d948.jpg,640,640,Bristlenose Pleco,30,210,538,514
7_jpg.rf.43a4efc2e2b5ef6e0093e279952fdb45.jpg,640,640,Bala Shark,134,351,513,640
7_jpg.rf.43a4efc2e2b5ef6e0093e279952fdb45.jpg,640,640,Bala Shark,20,0,407,303
7_jpg.rf.43a4efc2e2b5ef6e0093e279952fdb45.jpg,640,640,Bala Shark,316,25,599,316
pleco13_jpg.rf.44c01a85429f7a31801cf231101839b0.jpg,640,640,Bristlenose Pleco,8,232,640,534
8_jpg.rf.45e8e4afac1bb7c6b78dedd37c27baa5.jpg,640,640,Neon Tetra,76,76,505,490
5_jpg.rf.46c5abf505725c88f58ab393a28f2d62.jpg,640,640,Bristlenose Pleco,112,234,449,521
10_jpg.rf.4741e2cca4c97bd5e86ea4407e7cb2ce.jpg,640,640,Bala Shark,38,230,495,575
plec30_jpg.rf.4832aa9e16e3940f3b86d836866588fa.jpg,640,640,Bristlenose Pleco,96,91,542,481
sd18_jpg.rf.47e9f80efc15c5af4cc83d8f80bdfa4e.jpg,640,640,Silver Dollar,65,8,616,568
plec38_jpg.rf.453406ea45fe015eda637203e8a5f124.jpg,640,640,Bristlenose Pleco,0,64,615,476
10_jpg.rf.4937f2bb1c594e80972062d84af74fc7.jpg,640,640,Clown Loach,122,316,473,574
b4_jpg.rf.4555d1664c698c93debe40558923ca39.jpg,640,640,Bristlenose Pleco,56,171,640,492
fa23_jpeg.rf.49915a16486fc3b28ed20f23a371a2f3.jpg,640,640,Freshwater Angelfish,123,173,526,505
sd45_jpg.rf.4897b39468d3b74f912d1966c2212df9.jpg,640,640,Silver Dollar,65,56,465,528
31_jpg.rf.48ffad9d6ef0b94ba9dbe99556b34b3c.jpg,640,640,Clown Loach,24,109,618,425
plec33_jpg.rf.49b6dbd54802982eb6990fee9b3c23fa.jpg,640,640,Bristlenose Pleco,58,111,571,583
fa31_jpg.rf.4a958343e1736851c97d0a7ac2d7351c.jpg,640,640,Freshwater Angelfish,107,93,443,633
sd49_jpg.rf.49eae56fc3f5ed625f9ed023eb0b2f2d.jpg,640,640,Silver Dollar,41,8,591,597
6_jpg.rf.4ab93f9dd907f95a37459f7f1969fe78.jpg,640,640,Bristlenose Pleco,54,23,627,584
3_jpg.rf.4a6e041863050c1d00b163452c26b142.jpg,640,640,Silver Dollar,86,147,501,510
fa16_jpg.rf.4afef0d12105a7c71a5c1293036f526c.jpg,640,640,Freshwater Angelfish,144,1,500,612
fa16_jpg.rf.499f50ae4b63b8d6c7f90f8a72a8fcb0.jpg,640,640,Freshwater Angelfish,166,26,514,617
18_png.rf.4b1c2a1d65f1e69727812361ebc8b928.jpg,640,640,Swordtail,62,112,563,376
18_png.rf.4b1c2a1d65f1e69727812361ebc8b928.jpg,640,640,Swordtail,50,300,443,599
22_jpg.rf.4b22e87f954487b799c3b1dbe98c626b.jpg,640,640,Swordtail,19,215,582,543
fa7_jpg.rf.49dfbb7a3c537e66e9b0ac774acf300e.jpg,640,640,Freshwater Angelfish,42,51,585,590
sd25_jpeg.rf.4b36c4e80dbe170a0124c6c1fa187b1e.jpg,640,640,Silver Dollar,0,60,638,528
b10_jpg.rf.4ab4cb38bc4b4304173680124e2a67c0.jpg,640,640,Bristlenose Pleco,26,174,599,433
53_jpg.rf.4bc7846f99954db210e895ecf04ff684.jpg,640,640,Swordtail,36,70,597,562
4_jpg.rf.4cfcf7b29ed45d9363ba6c4b6828571f.jpg,640,640,Clown Loach,39,102,640,597
lef2_jpg.rf.4c510e8400fbe2aca0cd1522cff0c14f.jpg,640,640,Bala Shark,110,0,635,575
fa54_jpg.rf.4b98c7f9ca283570d34c301213469d68.jpg,640,640,Freshwater Angelfish,30,27,515,535
b4_jpg.rf.4dce0813753ca062c81ac19322e40425.jpg,640,640,Bristlenose Pleco,63,167,640,478
10_jpg.rf.4d28a31f8f3737c2b4bbf6889f9e3465.jpg,640,640,Clown Loach,186,311,536,550
neon-tetra4_jpg.rf.4d4a88c7262fc5a301ebc93a18b41579.jpg,640,640,Neon Tetra,42,173,610,450
sd23_jpg.rf.4e849510d9f8f5f82c11e0c90c530aaf.jpg,640,640,Silver Dollar,48,0,588,590
fa17_jpg.rf.50867d4447381114d5542725b845bf55.jpg,640,640,Freshwater Angelfish,272,126,631,623
sd27_jpg.rf.4ec3921d83fab14ed7daf40c6a9620fe.jpg,640,640,Silver Dollar,101,97,528,581
cl4_jpg.rf.4d88e635030f25019617dea08a66d9b5.jpg,640,640,Clown Loach,33,53,625,565
9_jpeg.rf.4f308ebedad9155a810886c6a03fb824.jpg,640,640,Bala Shark,42,138,522,534
14_jpg.rf.4f75bdd654ee024b4aba72c1c8d8ef48.jpg,640,640,Clown Loach,28,112,606,600
14_jpg.rf.512c8597b291f1d117148ba970c4a025.jpg,640,640,Swordtail,36,131,568,444
sd18_jpg.rf.4f7c8282e4897d1fd91cb9ccc6d8c07a.jpg,640,640,Silver Dollar,35,0,561,559
25_jpg.rf.51c87915ea01155d8c55fff3ce076756.jpg,640,640,Swordtail,86,259,599,552
4_jpg.rf.50324464947fc2ab2ac29cc6f947b612.jpg,640,640,Neon Tetra,43,90,573,547
sd8_jpg.rf.5250bad55cd6a463cd2334e686b11aee.jpg,640,640,Silver Dollar,9,12,519,559
15_jpg.rf.517fb8247fbf4088497d631d21344636.jpg,640,640,Bala Shark,58,152,557,430
8_jpg.rf.52ac9dd4c31282e354f9810fbc0d4b70.jpg,640,640,Clown Loach,5,35,576,455
leff1_jpg.rf.53e9017b27147b382b19f08b11223eeb.jpg,640,640,Bala Shark,10,39,633,567
multiple-neon-tetra2_jpg.rf.5357ccefcac7f831301d7e257b09dd66.jpg,640,640,Neon Tetra,9,264,196,394
multiple-neon-tetra2_jpg.rf.5357ccefcac7f831301d7e257b09dd66.jpg,640,640,Neon Tetra,236,311,426,443
multiple-neon-tetra2_jpg.rf.5357ccefcac7f831301d7e257b09dd66.jpg,640,640,Neon Tetra,146,150,334,280
multiple-neon-tetra2_jpg.rf.5357ccefcac7f831301d7e257b09dd66.jpg,640,640,Neon Tetra,456,407,640,544
multiple-neon-tetra2_jpg.rf.5357ccefcac7f831301d7e257b09dd66.jpg,640,640,Neon Tetra,422,141,611,269
multiple-neon-tetra2_jpg.rf.5357ccefcac7f831301d7e257b09dd66.jpg,640,640,Neon Tetra,325,191,511,322
fa34_jpg.rf.547a73ac26da91ae07bc32e84b80ad98.jpg,640,640,Freshwater Angelfish,216,160,323,326
plec34_jpg.rf.548438610c4974d595d578d1b88f1d1b.jpg,640,640,Bristlenose Pleco,61,230,574,541
10_jpg.rf.52860be74a585055b61acaa10b9ac372.jpg,640,640,Bala Shark,131,251,609,563
sd13_jpg.rf.52ff1cbd446c307bd230a109f1e0d26f.jpg,640,640,Silver Dollar,25,16,604,589
neon-tetra6_jpg.rf.53b2660d1afe0f1e1d455b1e9d448884.jpg,640,640,Neon Tetra,43,190,595,472
leftt6_jpg.rf.5440e6067e9f5d61e4a4092b2afe49bb.jpg,640,640,Bala Shark,34,159,560,592
b13_png.rf.54ff653d035e6927482db1ab5de42eda.jpg,640,640,Bristlenose Pleco,187,229,466,443
fa38_jpg.rf.555a5650916f501b212ae2778bf80b94.jpg,640,640,Freshwater Angelfish,157,14,497,625
fa40_jpg.rf.55296451fb3625b158f4c08453a72934.jpg,640,640,Freshwater Angelfish,114,46,521,600
sd1_jpg.rf.578787b80da4226d0f513329a2220e54.jpg,640,640,Silver Dollar,117,117,563,554
fa52_jpg.rf.5509ddf6d5476c641fecec07491fb2cd.jpg,640,640,Freshwater Angelfish,36,45,576,635
7_jpg.rf.578204514afd6eb309cc235140adf86f.jpg,640,640,Neon Tetra,159,242,538,521
fa46_jpg.rf.5833e40ca046d7f566089664d9d27639.jpg,640,640,Freshwater Angelfish,146,45,438,609
plec27_jpg.rf.54bba6c7643920eda58f9c073db0bede.jpg,640,640,Bristlenose Pleco,69,114,597,504
10_jpg.rf.57bbde211d7977b0631d6f152f886c1c.jpg,640,640,Clown Loach,88,130,600,565
fa16_jpg.rf.58b2c05806c9dc24bcebc6ad8ef72bb8.jpg,640,640,Freshwater Angelfish,136,0,492,611
sd8_jpg.rf.58b56154cea1369a9f49e575d3ae4c7b.jpg,640,640,Silver Dollar,111,36,640,586
sd48_jpg.rf.575b0480e07199ceed556d3df903fd95.jpg,640,640,Silver Dollar,12,29,625,640
fa22_jpg.rf.5a3ce1c5f353f470b394ee726d7dd661.jpg,640,640,Freshwater Angelfish,154,39,586,591
43_jpg.rf.58ed3d4bb84ec41da0431b85d878b703.jpg,640,640,Swordtail,60,108,549,335
43_jpg.rf.58ed3d4bb84ec41da0431b85d878b703.jpg,640,640,Swordtail,247,276,541,436
5_jpg.rf.56f4ea17dc7b4708de45fef803868e2c.jpg,640,640,Clown Loach,10,311,539,582
neon-tetra17_jpg.rf.5a538ae3351722a3fb95edc99904e1d8.jpg,640,640,Neon Tetra,76,166,424,524
56_jpg.rf.5ad004db40cf3f01260bb31fc015f747.jpg,640,640,Swordtail,23,291,601,508
fa7_jpg.rf.5b2f46255fde0ae1a47fc834d402a82a.jpg,640,640,Freshwater Angelfish,45,37,583,586
rig2_jpg.rf.5afd40d806c73b046fcdeee6bb919de8.jpg,640,640,Bala Shark,32,60,620,554
cl1_jpg.rf.5a930a6a0a556adc89168b2e19dfdf2c.jpg,640,640,Clown Loach,43,95,615,478
28_jpg.rf.5b413d5a4d687d494b7e2b19788e931c.jpg,640,640,Clown Loach,54,149,605,494
1_jpg.rf.5bed3372706d61bda6f719a221f7bc07.jpg,640,640,Swordtail,65,105,558,584
57_jpg.rf.5bbb6260d8e5844038e583e55370f99b.jpg,640,640,Swordtail,27,154,583,619
15_jpg.rf.59385e3b87653de8c1200eafbdf520d2.jpg,640,640,Swordtail,23,170,598,543
fa45_jpg.rf.5bfe8aa1036bf395d569d7205ba0837d.jpg,640,640,Freshwater Angelfish,222,52,476,617
fa17_jpg.rf.5c4f89b47557a93a09765f70768c595f.jpg,640,640,Freshwater Angelfish,10,120,377,612
neon-tetra10_jpg.rf.5c34ef420930107c0e8bb728a7d2d617.jpg,640,640,Neon Tetra,220,271,445,375
nt2_jpg.rf.5d81ecb9f8aa45346ff2370e1198b8e9.jpg,640,640,Neon Tetra,49,78,550,442
8_jpg.rf.5e6f92f51d9ccd1973823e5922047c65.jpg,640,640,Bristlenose Pleco,39,267,610,540
22_jpg.rf.5d8ef4abbe67f786beac6018513d011e.jpg,640,640,Clown Loach,25,86,637,561
sd2_jpg.rf.5d25cca52e16b31c5e5028ef2c4c3f85.jpg,640,640,Silver Dollar,24,139,616,578
21_jpg.rf.5fb62c628c662e066cea273f0ec37879.jpg,640,640,Clown Loach,50,153,608,529
44_jpg.rf.5f7b07b49f5ecf67663462b23ee5d9b3.jpg,640,640,Swordtail,56,203,620,379
fa50_jpg.rf.5f3fd30c46bafcf5b071433b383b919b.jpg,640,640,Freshwater Angelfish,62,20,600,625
12_jpg.rf.60ce3b606ffa1a4f0976e4cf8a0f70df.jpg,640,640,Clown Loach,36,34,582,612
plec2_jpg.rf.5e3dcdba284cbf7a5720df29322a13d3.jpg,640,640,Bristlenose Pleco,90,121,577,613
c7_jpg.rf.5ddc8f1b34f0b42e76fe08e7f1d27837.jpg,640,640,Clown Loach,55,32,564,511
fa6_jpg.rf.6035fd7d8447e5855009aa3f4508d998.jpg,640,640,Freshwater Angelfish,101,144,414,633
sd28_jpg.rf.61792e9e07b382e393862cad13a7970b.jpg,640,640,Silver Dollar,32,104,587,495
fa45_jpg.rf.60f2d9b698e864ff3112adac5cfd7caf.jpg,640,640,Freshwater Angelfish,206,81,488,624
2_jpg.rf.604b7ec1cb155f8d2986eb2b8988c9a3.jpg,640,640,Bala Shark,110,79,395,193
2_jpg.rf.604b7ec1cb155f8d2986eb2b8988c9a3.jpg,640,640,Bala Shark,264,356,503,494
2_jpg.rf.604b7ec1cb155f8d2986eb2b8988c9a3.jpg,640,640,Bala Shark,301,456,537,572
26_jpg.rf.607abd5db54aeaa8f43e9170729e46ab.jpg,640,640,Clown Loach,36,45,616,575
neon-tetra3_jpg.rf.62c31db2985a703d5eab29d763c39ae2.jpg,640,640,Neon Tetra,29,175,582,558
neon-tetra14_jpg.rf.62e8b462e24140afd18c7cf01db18eff.jpg,640,640,Neon Tetra,52,105,568,599
12_jpg.rf.6344f6c7d03a57616951a284fa533a4a.jpg,640,640,Neon Tetra,126,204,572,509
sd16_jpg.rf.63cb97e05a9dea95445fdb7a202ab4b4.jpg,640,640,Silver Dollar,178,97,557,573
sd36_jpg.rf.63e12fbb1accb587669c4c84b1fad576.jpg,640,640,Silver Dollar,0,79,617,520
35_jpg.rf.645bf56db42e8dd6bca6c9af2d654317.jpg,640,640,Swordtail,86,214,462,362
leff1_jpg.rf.64289622383175f2a35677be8273a67d.jpg,640,640,Bala Shark,8,42,640,567
38_jpg.rf.6474a445dcfa81ed467fa4505b92f271.jpg,640,640,Swordtail,51,113,621,525
multiple-neon-tetra3_jpg.rf.64aee53efd1804b6dfe65b5c91261948.jpg,640,640,Neon Tetra,293,62,640,289
multiple-neon-tetra3_jpg.rf.64aee53efd1804b6dfe65b5c91261948.jpg,640,640,Neon Tetra,68,251,390,492
13_jpg.rf.64e06d8105679e3331da0872703e4791.jpg,640,640,Swordtail,26,193,625,554
7_jpg.rf.64eb64385655a6534c2b5978ba253289.jpg,640,640,Neon Tetra,24,127,608,502
28_jpg.rf.64fa42c3a690137acdc6736f1645696c.jpg,640,640,Swordtail,58,222,497,507
8_jpg.rf.66a65f567fa13ca5d74b77b65a75b6e7.jpg,640,640,Swordtail,36,200,571,425
10_jpg.rf.66b68e301e8147f70981d81ab13c644b.jpg,640,640,Clown Loach,103,128,593,602
sd18_jpg.rf.66df4763bc9d79e108fd368c2f473bdc.jpg,640,640,Silver Dollar,35,0,561,559
sd19_jpg.rf.6604738e73f4521fc0369bd43d31c5f2.jpg,640,640,Silver Dollar,54,3,604,586
sd10_jpg.rf.66c3e79e30a30e11b23dc2842b715af9.jpg,640,640,Silver Dollar,11,22,558,622
fa23_jpeg.rf.661bc2fdf7e2dff5b76b1c4040a61928.jpg,640,640,Freshwater Angelfish,150,153,533,509
fa46_jpg.rf.6619ba249003f17d8f22cbb4b174a8db.jpg,640,640,Freshwater Angelfish,147,42,438,608
b12_jpg.rf.61681b4386fe3615c72609bf53cd0e84.jpg,640,640,Bristlenose Pleco,28,189,640,578
rig5_jpg.rf.66cdcd5de3e7b962f42765dc305848a2.jpg,640,640,Bala Shark,95,117,620,580
sd50_jpg.rf.66fcd756e9d277a5d906c8b8ce40fe09.jpg,640,640,Silver Dollar,124,67,601,589
55_jpg.rf.67638dc3fed6de1edf5ecfeb48b2a1c8.jpg,640,640,Swordtail,22,157,523,427
nt1_jpg.rf.673cb5a6bb0645b2e86e5f27e7f35cc1.jpg,640,640,Neon Tetra,44,116,585,512
plec2_jpg.rf.6842b9051f1acc1943f6597cbea4435d.jpg,640,640,Bristlenose Pleco,27,171,596,545
1_jpg.rf.67b368f5254a4a7e4d2b122fc749c553.jpg,640,640,Neon Tetra,120,69,552,498
plec36_jpg.rf.689cc283a7d6edea1c8a2a6036daacc2.jpg,640,640,Bristlenose Pleco,37,208,587,496
rig1_jpg.rf.67e434a29117e43a8e3b0e22702f8817.jpg,640,640,Bala Shark,4,87,592,606
7_jpg.rf.68b605d918c97cb10fa76b64ebb62d7c.jpg,640,640,Silver Dollar,42,16,613,609
42_jpg.rf.6750536cb76077c861a392a39ae92560.jpg,640,640,Swordtail,69,88,539,313
42_jpg.rf.6750536cb76077c861a392a39ae92560.jpg,640,640,Swordtail,76,325,378,529
51_jpg.rf.6983323132c0aee54fcd7b4fe2f5f70b.jpg,640,640,Swordtail,83,239,418,418
2_jpeg.rf.69bd1c5a77dab56af71b1234fef41c2a.jpg,640,640,Clown Loach,94,201,503,496
3_jpg.rf.67e734df7ff1c1d7afe292f28323719f.jpg,640,640,Neon Tetra,119,164,562,509
8_jpg.rf.6a66c5e9657b52639e2147dcd096ba75.jpg,640,640,Bala Shark,43,114,454,416
6_jpeg.rf.690300406b3f8ed21de5308e87c9a140.jpg,640,640,Bala Shark,81,105,577,507
sd14_jpg.rf.6b15dfc3c2dd326f8f2493ffb15524f1.jpg,640,640,Silver Dollar,59,10,640,576
b10_jpg.rf.693a97ed13b72610334a9985c2c70365.jpg,640,640,Bristlenose Pleco,40,175,614,421
sd7_jpg.rf.6a4931d6b2d0939793cc8c84c60a27e7.jpg,640,640,Silver Dollar,79,62,580,622
b2_png.rf.6cc1fdcf627a0204fb5043dd27de0d6f.jpg,640,640,Bristlenose Pleco,98,216,511,526
34_jpg.rf.6b0c3f3b1e1def06aa2524193f1f3a3c.jpg,640,640,Swordtail,37,154,591,466
b10_jpg.rf.6bafc8c3c67ff17b88cbecdc66426d7c.jpg,640,640,Bala Shark,33,41,629,600
fa40_jpg.rf.6baa254e897417d92cb9de6042b356c4.jpg,640,640,Freshwater Angelfish,114,17,529,592
sd43_jpg.rf.6c1c8b68cc210e9ad7bcc9e32d2545b0.jpg,640,640,Silver Dollar,29,99,526,566
5_jpg.rf.6bb02687932ca12c8e02134e53f5f7f6.jpg,640,640,Clown Loach,37,63,599,471
28_jpg.rf.6d4c0ecac3396075ba9163f3cc69a286.jpg,640,640,Swordtail,130,238,613,454
31_jpg.rf.6c69223f93b549a416b94db6be66cff2.jpg,640,640,Swordtail,97,223,541,497
neon-tetra5_jpg.rf.6dc81412d94e8672c9e9d4ad2d44987a.jpg,640,640,Neon Tetra,59,213,534,519
3_jpg.rf.6d918143c1461ccbdcecaf2e942aab39.jpg,640,640,Silver Dollar,87,144,502,508
4_jpg.rf.6d8869ac7f4bf702144608e961469aaf.jpg,640,640,Bala Shark,43,104,613,522
fa25_jpg.rf.6f4ef37b6876b2c6524d9aca9d605b7d.jpg,640,640,Freshwater Angelfish,183,116,403,586
27_jpg.rf.6de7e505bf20457d000e9bccfe7f6ddd.jpg,640,640,Clown Loach,21,38,640,621
plec1_jpg.rf.6febd6148a995ab3e995657120c4bd94.jpg,640,640,Bristlenose Pleco,52,238,572,468
3_jpg.rf.702e424f3de0c0e2d82d2ca489750254.jpg,640,640,Neon Tetra,78,164,521,509
b7_jpg.rf.7019f048a169913be1888dc0862b5fa0.jpg,640,640,Bala Shark,55,139,544,543
sd35_jpg.rf.704af3c6b1623bdf4481a1492f95495b.jpg,640,640,Silver Dollar,57,49,576,572
nt9_jpg.rf.70e5f3d8b7c0ac91155669db3c4b7bd5.jpg,640,640,Neon Tetra,91,121,613,460
2_jpg.rf.7138c7af13620ef438f55547f005b608.jpg,640,640,Bala Shark,254,84,537,204
2_jpg.rf.7138c7af13620ef438f55547f005b608.jpg,640,640,Bala Shark,131,353,372,496
2_jpg.rf.7138c7af13620ef438f55547f005b608.jpg,640,640,Bala Shark,94,450,331,572
plec33_jpg.rf.6f129b0852465aa040552096e1e6ebdf.jpg,640,640,Bristlenose Pleco,27,163,638,601
nt9_jpg.rf.73190228de94507d3ea6be68daa966cf.jpg,640,640,Neon Tetra,27,121,549,460
2_jpg.rf.72f276fedfc1dddf25053788f75e0dd7.jpg,640,640,Bala Shark,103,84,386,204
2_jpg.rf.72f276fedfc1dddf25053788f75e0dd7.jpg,640,640,Bala Shark,268,353,509,496
2_jpg.rf.72f276fedfc1dddf25053788f75e0dd7.jpg,640,640,Bala Shark,309,450,546,572
b15_jpg.rf.74cc6ecd047f0221663fa4c16e3ef4f1.jpg,640,640,Bristlenose Pleco,4,133,639,640
31_jpg.rf.728e229bcaae64b3fc8d37ff3d69abe3.jpg,640,640,Clown Loach,9,121,640,407
17_jpg.rf.73127316601ce8cf50b034db84f466d9.jpg,640,640,Clown Loach,34,90,618,539
13_jpg.rf.754be9329cd943c303a53a59fd660060.jpg,640,640,Clown Loach,61,73,562,600
4_jpg.rf.73d6d0057510ebb1b8450af7a53f98e9.jpg,640,640,Neon Tetra,38,92,578,542
9_jpg.rf.7397553c868f7aefcef1faec93b6755a.jpg,640,640,Clown Loach,0,154,515,568
sd27_jpg.rf.74342f6f90c9b6c2afe14f46e0197d4b.jpg,640,640,Silver Dollar,95,96,512,586
leff2_jpg.rf.73869f82fcccda573b4633e76c3d6146.jpg,640,640,Bala Shark,33,39,611,589
sd41_jpg.rf.757b4e62a13074305096ebb43470e273.jpg,640,640,Silver Dollar,18,10,618,640
b7_jpg.rf.755ad3adbbf3af7945eb0ac5a7a20d1f.jpg,640,640,Bristlenose Pleco,131,232,624,640
fa58_jpg.rf.75be04db6ea2d4da21944209c140c88b.jpg,640,640,Freshwater Angelfish,20,118,489,631
neon-tetra16_jpg.rf.741198bbee8b5b9c5f8e297878b68823.jpg,640,640,Neon Tetra,198,271,420,357
9_jpeg.rf.76b929c3ea8040dec3e13f40a2a6d508.jpg,640,640,Swordtail,65,150,628,569
6_jpg.rf.76431655f57d756c6573614cd263e740.jpg,640,640,Clown Loach,26,196,625,563
b8_jpg.rf.76f199bdb2e6e4b4a55e45ce2a04c4f2.jpg,640,640,Bala Shark,60,157,531,472
plec33_jpg.rf.7709ea3eef176a68371a03c8133e2eea.jpg,640,640,Bristlenose Pleco,31,154,629,598
plec1_jpg.rf.786b636fb4d63cc35447a95e559f68a1.jpg,640,640,Bristlenose Pleco,65,236,581,473
sd25_jpeg.rf.77e93bda9396546b23db9dac6067e737.jpg,640,640,Silver Dollar,2,59,640,528
sd7_jpg.rf.73a34e8d5d1e030b2dfc8d437bd5cf4a.jpg,640,640,Silver Dollar,63,60,560,621
10_jpeg.rf.7736f18de75866eaa2ba8871b23bc84d.jpg,640,640,Bala Shark,24,142,533,448
neon-tetra6_jpg.rf.78b2f505955436b668c603e4b88489d1.jpg,640,640,Neon Tetra,43,189,596,468
3_jpg.rf.78f888ae5c4858ae6208f524d2cea1a1.jpg,640,640,Bristlenose Pleco,61,190,546,416
neon-tetra10_jpg.rf.790ce948b3b85ec84142fa7416426aa9.jpg,640,640,Neon Tetra,219,271,445,374
fa32_jpg.rf.78010b32a794245cf2c18c0aad1f8950.jpg,640,640,Freshwater Angelfish,20,131,618,498
9_jpg.rf.7874dd26b1e39721c5bcb3e928955e74.jpg,640,640,Neon Tetra,88,198,368,513
b5_jpg.rf.7851576940e5a7265b53c3d226cf7e01.jpg,640,640,Bristlenose Pleco,26,210,599,638
7_jpg.rf.79adfa2807543b596ab7f646baef2b6d.jpg,640,640,Bristlenose Pleco,100,255,590,545
b5_jpg.rf.7c35c74b860be907882300b8a981e253.jpg,640,640,Bristlenose Pleco,12,188,589,627
fa33_jpg.rf.7b3486ae1261fd758442cffc94c2902e.jpg,640,640,Freshwater Angelfish,0,26,515,640
40_jpg.rf.7ca4fd859235e2b163034a4565378d83.jpg,640,640,Swordtail,16,130,562,521
plec38_jpg.rf.7cfd1a6bd6828f9db3f43a875da3caa4.jpg,640,640,Bristlenose Pleco,20,62,635,466
1_png.rf.7e89e04814ccb7de87559894b905b127.jpg,640,640,Silver Dollar,49,42,570,631
50_jpg.rf.7bb0a7ceab9021404f014f2695308065.jpg,640,640,Swordtail,0,189,616,536
multiple-neon-tetra2_jpg.rf.7e9a8976b941eec69e56e561040208e0.jpg,640,640,Neon Tetra,7,216,202,350
multiple-neon-tetra2_jpg.rf.7e9a8976b941eec69e56e561040208e0.jpg,640,640,Neon Tetra,217,314,413,450
multiple-neon-tetra2_jpg.rf.7e9a8976b941eec69e56e561040208e0.jpg,640,640,Neon Tetra,167,136,361,270
multiple-neon-tetra2_jpg.rf.7e9a8976b941eec69e56e561040208e0.jpg,640,640,Neon Tetra,418,459,605,606
multiple-neon-tetra2_jpg.rf.7e9a8976b941eec69e56e561040208e0.jpg,640,640,Neon Tetra,438,190,632,322
multiple-neon-tetra2_jpg.rf.7e9a8976b941eec69e56e561040208e0.jpg,640,640,Neon Tetra,332,216,512,351
fa53_jpg.rf.7af05a8d4039e471a79cc6a8c9d7b81a.jpg,640,640,Freshwater Angelfish,142,192,426,640
fa34_jpg.rf.7e617357730b07cb426f293e6ba6bcae.jpg,640,640,Freshwater Angelfish,346,187,445,349
sd50_jpg.rf.7c551a0f8f7ba7ae7f0f638f2148f1e6.jpg,640,640,Silver Dollar,140,46,597,561
12_jpg.rf.819d5bda082e2406b0c1c0a83fe43849.jpg,640,640,Clown Loach,131,0,587,640
7_jpg.rf.7a1673fdb8ab923ee3a9b19fcdc8b1bd.jpg,640,640,Neon Tetra,176,231,558,509
6_jpg.rf.82203bd14353ebae132d4bb5ffeda261.jpg,640,640,Silver Dollar,129,196,381,498
6_jpg.rf.82203bd14353ebae132d4bb5ffeda261.jpg,640,640,Silver Dollar,330,46,563,267
fa46_jpg.rf.7ca5882167b5d9338499c55344e01518.jpg,640,640,Freshwater Angelfish,152,33,436,600
19_jpg.rf.80b61b3e3ba6cf0e92bb7bdc0b1bf2ee.jpg,640,640,Clown Loach,76,116,580,583
4_jpg.rf.7a70b290e0316fcef0050be851aa6fc9.jpg,640,640,Bala Shark,32,43,538,586
neon-tetra3_jpg.rf.7aa2d39d4793fb6f00961e8a36a96b92.jpg,640,640,Neon Tetra,34,175,578,555
sd10_jpg.rf.79c3b6ead4a7e21b2d169bd94b1aa032.jpg,640,640,Silver Dollar,75,21,623,619
sd20_jpg.rf.819cb896d13d15a47c6bf72b419efdc9.jpg,640,640,Silver Dollar,77,77,597,595
plec36_jpg.rf.7d6abaabc51c132a8007e936c5ebb8f2.jpg,640,640,Bristlenose Pleco,79,187,588,530
12_jpg.rf.823da7919609706ddacde607897ba618.jpg,640,640,Swordtail,35,188,592,483
5_jpg.rf.79f5fb247add7948609e5c6b01cee978.jpg,640,640,Swordtail,19,34,637,327
5_jpg.rf.79f5fb247add7948609e5c6b01cee978.jpg,640,640,Swordtail,46,314,544,628
16_jpg.rf.7cbc41e9c419f4c2c38167d17bb40b63.jpg,640,640,Bala Shark,39,40,572,486
plec27_jpg.rf.7cb699d20d9e95049aa4f2657863e2b9.jpg,640,640,Bristlenose Pleco,43,117,589,508
fa27_jpg.rf.83e316cb6895edf76563dee6c5ba47eb.jpg,640,640,Freshwater Angelfish,41,37,600,577
22_jpg.rf.7e490f42d3f0555cae2713ee4fa196cc.jpg,640,640,Clown Loach,27,84,634,554
9_jpg.rf.864179cb2a4295b9ae6eebc2e0dd5f02.jpg,640,640,Clown Loach,131,117,640,473
b19_jpg.rf.835dbac0e4a1820bbcba91c81b7cd8da.jpg,640,640,Bristlenose Pleco,60,178,550,482
1_jpg.rf.85dff7ecf0166b7b27d763a489061e86.jpg,640,640,Bala Shark,73,51,640,603
nt4_jpg.rf.846659d0661e4939d75659d176f6a227.jpg,640,640,Neon Tetra,26,96,620,492
10_jpg.rf.84e997c8f836d3cb45f4abdc98a01ddb.jpg,640,640,Neon Tetra,23,110,536,556
22_jpg.rf.83ef62cab16c68014a5d655af0a617d9.jpg,640,640,Swordtail,70,204,632,550
4_jpg.rf.867fb58e311923c43be64c49d888c725.jpg,640,640,Bala Shark,64,342,331,621
4_jpg.rf.867fb58e311923c43be64c49d888c725.jpg,640,640,Bala Shark,179,31,587,394
59_jpg.rf.82ea17f92edd473508a79e3757f21159.jpg,640,640,Swordtail,38,180,605,449
9_jpg.rf.86fe68b9534b9e77ff9bc50559da681f.jpg,640,640,Silver Dollar,110,52,568,559
26_jpg.rf.86b5c286a04ad82ec1b8e6b7828796af.jpg,640,640,Clown Loach,4,59,606,549
neon-tetra12_jpg.rf.86ff5cbf2d5b10c5860ca37646935c0f.jpg,640,640,Neon Tetra,55,64,616,577
5_jpg.rf.87d29ae6bd2e0488af13351999217716.jpg,640,640,Bristlenose Pleco,110,240,452,521
1_jpg.rf.886190c5ac42bd97903dbd0b150059f7.jpg,640,640,Bala Shark,444,218,640,378
1_jpg.rf.886190c5ac42bd97903dbd0b150059f7.jpg,640,640,Bala Shark,43,185,420,391
sd6_jpg.rf.8856f77793904dbbb10e9396d9b613b0.jpg,640,640,Silver Dollar,159,35,522,480
9_jpeg.rf.87814006581d6af4cfa074a3f5a406b0.jpg,640,640,Swordtail,66,150,623,574
44_jpg.rf.887280c5bfe990d3ee39383613eee062.jpg,640,640,Swordtail,64,188,614,404
32_png.rf.89b1ef356593e733a059e1bbbc141641.jpg,640,640,Swordtail,11,5,608,291
32_png.rf.89b1ef356593e733a059e1bbbc141641.jpg,640,640,Swordtail,154,326,640,611
plec22_jpg.rf.89be1238f0e0670145df6854d12dae10.jpg,640,640,Bristlenose Pleco,32,240,595,579
sd30_jpg.rf.89bc7b5a8e6e340a6f14afc6b3be4b34.jpg,640,640,Silver Dollar,154,66,441,487
b3_jpg.rf.8a8637bcf95c106f4b7911f073e807a0.jpg,640,640,Bristlenose Pleco,0,29,622,615
fa18_jpg.rf.8b13c312e268d6c48ce068a4807b0b3d.jpg,640,640,Freshwater Angelfish,125,134,557,632
sd11_jpg.rf.8b3bbe877e7a9cc63b8c92b582fe603d.jpg,640,640,Silver Dollar,24,34,615,626
fa18_jpg.rf.8adf819fb34f2e063185b326628b2677.jpg,640,640,Freshwater Angelfish,83,134,515,632
23_jpg.rf.8b4e945b935257554a3e45d139dd5173.jpg,640,640,Clown Loach,129,257,574,585
neon-tetra6_jpg.rf.8bd8e75827f15e79f4cf38707a10c5f7.jpg,640,640,Neon Tetra,45,195,589,487
neon-tetra15_jpg.rf.8d388c6b6bc14b2c2da443c3164406b3.jpg,640,640,Neon Tetra,392,129,583,300
16_jpg.rf.8c710a45de29bdd1c74250c7acd929ea.jpg,640,640,Bala Shark,30,41,567,480
plec39_jpg.rf.8b4aba4147c4ce04e9178cebed926860.jpg,640,640,Bristlenose Pleco,21,105,608,571
plec36_jpg.rf.8a081fa6a65278160290cb5b3cb80c1b.jpg,640,640,Bristlenose Pleco,53,185,558,533
7_jpg.rf.8dae12b6f57c2b4c06e7b664374982af.jpg,640,640,Bala Shark,135,352,522,640
7_jpg.rf.8dae12b6f57c2b4c06e7b664374982af.jpg,640,640,Bala Shark,221,0,614,296
7_jpg.rf.8dae12b6f57c2b4c06e7b664374982af.jpg,640,640,Bala Shark,39,28,318,327
6_jpg.rf.8d11f6c1b4f100fbe0c17994c3f0307b.jpg,640,640,Silver Dollar,128,183,369,497
6_jpg.rf.8d11f6c1b4f100fbe0c17994c3f0307b.jpg,640,640,Silver Dollar,346,51,573,282
4_jpg.rf.8db86aeff55325259f48175819806c97.jpg,640,640,Swordtail,34,67,612,628
3_jpg.rf.8f3c7393f70326a7cd75a04ff1741903.jpg,640,640,Swordtail,9,160,564,607
5_jpg.rf.8f5822034d95a10ca1703466eb5eb62b.jpg,640,640,Clown Loach,36,85,614,488
sd21_jpg.rf.8fa663d252bc5f4f746a4433a991aa90.jpg,640,640,Silver Dollar,41,8,563,625
10_jpg.rf.8fc4e9bcb8c8b20523bb3aa7eeef5e65.jpg,640,640,Neon Tetra,14,117,547,566
1_png.rf.904d53905eff068b862f768db83164e4.jpg,640,640,Silver Dollar,38,38,566,610
21_jpg.rf.8fad460500db347f6fe738a2d254bcf0.jpg,640,640,Clown Loach,45,155,610,541
cl4_jpg.rf.8ff59e6efdde4ab47afed42a3fba76e2.jpg,640,640,Clown Loach,30,45,616,575
56_jpg.rf.8fb61533ef16d1acb2edab9a0d809303.jpg,640,640,Swordtail,42,282,622,532
9_jpg.rf.8f3ead6e79ae06461f0b0633ce3cd39e.jpg,640,640,Bristlenose Pleco,15,277,583,453
neon-tetra13_png.rf.90f44da2cbd6a46b624514d0d2be786a.jpg,640,640,Neon Tetra,33,194,543,454
leftt1_jpg.rf.9117ed29525a4fbc81ea4d3f55a97eb2.jpg,640,640,Bala Shark,32,134,616,601
plec30_jpg.rf.912ec2f1ee93afd80370ec4f6a5a507b.jpg,640,640,Bristlenose Pleco,124,100,537,484
8_jpg.rf.9109e9b42337ce9e6bd56e37b1e463bf.jpg,640,640,Clown Loach,0,112,575,590
nt1_jpg.rf.91527eb0278f3ba25de1a06e08637287.jpg,640,640,Neon Tetra,52,117,600,516
sd29_jpg.rf.9080b8bde22b71037ecd775c10e70c7e.jpg,640,640,Silver Dollar,59,72,578,637
34_jpg.rf.936486a487d1d30b8c0c97b436d9f220.jpg,640,640,Clown Loach,2,150,612,596
neon-tetra17_jpg.rf.924b2748cf1602a9d156c1e4116dadf1.jpg,640,640,Neon Tetra,174,183,553,554
plec34_jpg.rf.92bee67cd70d5a2ac5be30395fd29422.jpg,640,640,Bristlenose Pleco,27,222,541,522
7_jpg.rf.931f4b20da07d788c2e61b0eb0aa41e8.jpg,640,640,Neon Tetra,165,238,545,516
17_jpg.rf.9377592b243b6724fd2f3202bd508b95.jpg,640,640,Bala Shark,54,31,595,501
12_jpg.rf.938893921cba85443fa2fc71a912c1d1.jpg,640,640,Neon Tetra,64,186,500,489
fa5_jpg.rf.93e0021e8c8143c3c93462e531f468a0.jpg,640,640,Freshwater Angelfish,103,44,493,630
23_jpg.rf.939d0fe03d88e0681dfe0e4a2e182b63.jpg,640,640,Clown Loach,133,237,544,619
fa33_jpg.rf.94ee82b580bde7a6d75c43ca98170fdb.jpg,640,640,Freshwater Angelfish,0,63,507,640
47_jpg.rf.9490955175015e09f519db33efe299f1.jpg,640,640,Swordtail,71,240,607,370
4_jpg.rf.9228127bf12ad122639afc65a3b47367.jpg,640,640,Bala Shark,323,330,585,621
4_jpg.rf.9228127bf12ad122639afc65a3b47367.jpg,640,640,Bala Shark,47,34,461,398
sd49_jpg.rf.95130c03c721ca001640015f16900ef5.jpg,640,640,Silver Dollar,46,8,600,598
fa39_jpg.rf.9541b1d772c35c9411b6fe4edea57263.jpg,640,640,Freshwater Angelfish,64,27,549,640
13_jpg.rf.964f898cd5554e4a1b35727a28df2501.jpg,640,640,Swordtail,31,202,640,561
nt2_jpg.rf.95d711672fa0439b58e0931563334c3f.jpg,640,640,Neon Tetra,49,75,550,433
cl2_jpg.rf.92a66461b98b15661e0e86537beb4bf3.jpg,640,640,Clown Loach,20,137,613,616
53_jpg.rf.98633d624bc1fd006ae0d5c654bbac0d.jpg,640,640,Swordtail,73,50,536,618
1_jpg.rf.95b7e34ade4490092a36fe87cb50a9b9.jpg,640,640,Neon Tetra,83,65,520,489
b12_jpg.rf.9948a9f22ce0f60040121a460bed722f.jpg,640,640,Bristlenose Pleco,8,191,632,575
9_jpeg.rf.970b6c86c870c63f55c47fc8915d40c4.jpg,640,640,Bala Shark,45,131,529,511
11_jpg.rf.96755711f400c46a736d0c450c1f50c5.jpg,640,640,Neon Tetra,189,175,581,408
32_png.rf.9a98453f3dbd5fe7d25505b3239b3c6d.jpg,640,640,Swordtail,42,21,640,304
32_png.rf.9a98453f3dbd5fe7d25505b3239b3c6d.jpg,640,640,Swordtail,120,334,607,616
fa10_jpg.rf.9a779a279c8760efca3d1cfadbed5ff9.jpg,640,640,Freshwater Angelfish,30,21,609,582
b5_jpg.rf.9ae4fb3814e18dc1764463b67825959a.jpg,640,640,Bala Shark,0,38,617,539
10_jpg.rf.99af000f82959d0d1632645a74f9a68b.jpg,640,640,Clown Loach,167,316,518,574
neon-tetra16_jpg.rf.996884403c562aa780a18b0d8de1f1ab.jpg,640,640,Neon Tetra,198,271,420,357
12_jpg.rf.996f1ad02de7b19705fd3ac0442992fe.jpg,640,640,Clown Loach,144,0,582,640
neon-tetra18_jpg.rf.9b9b59d8c90ac50569e6524c5a424c74.jpg,640,640,Neon Tetra,71,135,614,589
5_jpg.rf.9c0b59709700a3e6f6bceb09ccb9753f.jpg,640,640,Swordtail,33,9,588,415
5_jpg.rf.9c0b59709700a3e6f6bceb09ccb9753f.jpg,640,640,Swordtail,97,313,585,634
fa32_jpg.rf.9ca63ff0ee4af1c3b385ba3d1564d9b9.jpg,640,640,Freshwater Angelfish,42,78,640,493
neon-tetra4_jpg.rf.9b0b368c4ad9b09a11331b70b5208a53.jpg,640,640,Neon Tetra,44,174,611,453
nt7_jpg.rf.9db2763206effc8ecf944ebc1d1f87eb.jpg,640,640,Neon Tetra,67,57,588,511
b9_jpg.rf.9d129c5b43c9ef51bb1090eeb26bcd99.jpg,640,640,Bristlenose Pleco,30,271,531,485
53_jpg.rf.972037fd59526b6ed6ab33b559f3728d.jpg,640,640,Swordtail,54,58,566,594
28_jpg.rf.9db9b6490eaebebc845617142a39d2fa.jpg,640,640,Clown Loach,41,148,576,499
17_jpg.rf.9aa9fa1e4e12b87f81afdc86a2f1f0ee.jpg,640,640,Clown Loach,21,89,607,532
sd32_jpg.rf.9f29585309bd9e949daffd7d94c6255f.jpg,640,640,Silver Dollar,92,9,633,592
fa2_jpg.rf.9f9752c0f678543d10b63d23cdbf0553.jpg,640,640,Freshwater Angelfish,9,162,303,640
fa2_jpg.rf.9f9752c0f678543d10b63d23cdbf0553.jpg,640,640,Freshwater Angelfish,155,17,447,640
plec21_png.rf.9db61687d9597cf371ff9e21f166636f.jpg,640,640,Bristlenose Pleco,0,24,606,590
24_jpg.rf.9de7168878b105b2d07815585b8c62dd.jpg,640,640,Clown Loach,21,149,606,563
11_jpg.rf.a02b1fe6e09a1d55fffe9641ffbc1e96.jpg,640,640,Bala Shark,146,334,563,555
b22_jpg.rf.9fd526a309d7c645605fb715b9354d4d.jpg,640,640,Bristlenose Pleco,85,204,574,392
3_jpg.rf.a07ab88e25b6cfedcd494dd8e0156c0c.jpg,640,640,Bristlenose Pleco,92,191,579,409
leff1_jpg.rf.a1485de4546a6c377aed67154715dcc2.jpg,640,640,Bala Shark,13,38,624,567
leff4_jpg.rf.9fc9d4a0f2c8da07e740a89138a132f7.jpg,640,640,Bala Shark,132,231,566,498
neon-tetra15_jpg.rf.a02d6e639e3e6df42e1117186b1cbfe3.jpg,640,640,Neon Tetra,47,155,244,310
9_jpg.rf.a1c28c073d7fff882c57526ed44f0944.jpg,640,640,Neon Tetra,300,163,548,511
4_jpg.rf.a269b046fad92d3d1d30b47706b5e20c.jpg,640,640,Swordtail,0,84,638,551
sd30_jpg.rf.a1ba47667444eee95d39a776a81119ba.jpg,640,640,Silver Dollar,152,69,444,486
14_jpg.rf.a1c9dae38d0093b55f28e004da679f8a.jpg,640,640,Swordtail,46,141,571,432
fa11_jpg.rf.a18b38f01879b540f0c51a9533a43a85.jpg,640,640,Freshwater Angelfish,12,88,178,538
fa11_jpg.rf.a18b38f01879b540f0c51a9533a43a85.jpg,640,640,Freshwater Angelfish,240,136,374,564
fa11_jpg.rf.a18b38f01879b540f0c51a9533a43a85.jpg,640,640,Freshwater Angelfish,429,122,615,640
sd40_jpg.rf.a0d63f57486642722c1b43a9b31765f7.jpg,640,640,Silver Dollar,80,46,583,606
sd35_jpg.rf.a323c8c010c399ef03963ba44d96dfa9.jpg,640,640,Silver Dollar,56,51,575,578
neon-tetra17_jpg.rf.a33bdd7a50e79b8d4c511028dbab684e.jpg,640,640,Neon Tetra,84,174,448,541
plec39_jpg.rf.a343e751fcb36e28f75292aa7bb3d269.jpg,640,640,Bristlenose Pleco,25,104,617,563
2_jpg.rf.a34e38be4fd2816d3bb260861361e6b2.jpg,640,640,Clown Loach,15,126,566,565
b13_png.rf.a237ed86a3daef9102492a3da4458a7d.jpg,640,640,Bristlenose Pleco,172,236,469,420
b8_jpg.rf.a43a9d845e0bfa7f31769c66955c8838.jpg,640,640,Bala Shark,110,156,579,471
rigg2_jpg.rf.a47d68f7e3f8efa04b258d66557c68db.jpg,640,640,Bala Shark,0,53,618,543
fa53_jpg.rf.a5aef61f858745653986c50b8ac58c30.jpg,640,640,Freshwater Angelfish,142,190,426,640
8_jpg.rf.a3e9e451e6de1becffafd373fddde932.jpg,640,640,Bristlenose Pleco,47,266,618,562
b7_jpg.rf.a5fd7860708a6f8bae696eb5b793f936.jpg,640,640,Bristlenose Pleco,139,236,640,521
fa47_jpg.rf.a4fe16ddf2713940c94f5c923a84a2ac.jpg,640,640,Freshwater Angelfish,134,51,511,629
plec24_JPG.rf.a6dc6365f72f6919c0f73328c3ecf6df.jpg,640,640,Bristlenose Pleco,67,119,615,354
fa6_jpg.rf.a8256e00248e8be49f6c4a5b2df162df.jpg,640,640,Freshwater Angelfish,221,135,530,631
3_jpg.rf.a716c53be6f92fe86ea59967307f5326.jpg,640,640,Swordtail,76,160,631,607
6_jpg.rf.a8a357e2cfc50a3dcef51131066af2f8.jpg,640,640,Clown Loach,23,191,634,545
8_jpg.rf.a83b1230ffd0c1a498d10a0ebf18df68.jpg,640,640,Bala Shark,172,223,472,387
13_jpg.rf.a906015d4b77dfa5997ce1fe113db399.jpg,640,640,Clown Loach,65,55,535,628
20_jpg.rf.a883d89296fcb047e6bd5167596fbd09.jpg,640,640,Clown Loach,102,221,540,450
5_jpg.rf.a90aad26849ff4866847aa0710dcb9fe.jpg,640,640,Clown Loach,40,356,586,573
9_jpg.rf.a915a0911bfede3e16ce949337fd7417.jpg,640,640,Clown Loach,0,119,510,479
plec4_jpg.rf.a99acb79450077b36659ef2690bde10b.jpg,640,640,Bristlenose Pleco,42,198,586,534
neon-tetra2_jpg.rf.a9e70ec3a37abf594fa142de76604916.jpg,640,640,Neon Tetra,129,210,536,418
19_jpg.rf.a9ef3ca9bb27114a52d2eeb645d6bcd7.jpg,640,640,Clown Loach,57,122,536,602
b13_png.rf.aa78b87e39658dbb3fe85714155acb94.jpg,640,640,Bristlenose Pleco,180,231,468,433
fa47_jpg.rf.aa87c36b406ae922192c3145bb3ddd8f.jpg,640,640,Freshwater Angelfish,126,35,522,637
26_jpg.rf.ab45a032960c7cfe2b52877c7ddded68.jpg,640,640,Swordtail,112,193,522,557
10_jpg.rf.a9eec0796ec9e1899aca3fb9f7d9b11e.jpg,640,640,Bala Shark,155,209,594,580
sd32_jpg.rf.ada9c3136ab0c1f4fbcb4c380a3faffc.jpg,640,640,Silver Dollar,95,5,620,588
3_jpg.rf.abcfab8f768bc7f6ef0af50c3c37649c.jpg,640,640,Bristlenose Pleco,64,200,556,390
6_jpg.rf.adb38ea4c9e0678c2f96bc124f246826.jpg,640,640,Neon Tetra,44,85,618,569
pleco13_jpg.rf.a974f54a15082b66bebe432ba3266d7c.jpg,640,640,Bristlenose Pleco,10,228,640,534
10_jpg.rf.a95b615a286b8d85be69ae7815638230.jpg,640,640,Neon Tetra,165,97,415,249
10_jpg.rf.a95b615a286b8d85be69ae7815638230.jpg,640,640,Neon Tetra,257,381,478,535
8_jpg.rf.aea57d1a9744c20f67d00eb1ca7fc7f8.jpg,640,640,Neon Tetra,76,76,505,490
sd20_jpg.rf.adf0852612b9af19faacdcb16892203b.jpg,640,640,Silver Dollar,25,78,550,588
15_jpg.rf.adf5edac812f6e9f3c1878d5b0ac1813.jpg,640,640,Swordtail,27,174,612,566
neon-tetra16_jpg.rf.af51a0db8136779ad98fd91eb7a1f423.jpg,640,640,Neon Tetra,217,273,441,374
c3_jpg.rf.adc28719bb6b121988a67b10e46cfc9a.jpg,640,640,Clown Loach,30,59,607,575
neon-tetra14_jpg.rf.b086a2d2cfd7f4a76163f97b28e2b70f.jpg,640,640,Neon Tetra,47,107,579,588
28_jpg.rf.b0d7301187881b3f01504922518070ce.jpg,640,640,Swordtail,145,220,579,512
fa44_jpg.rf.b112d87fc59b69178446fc10483ba231.jpg,640,640,Freshwater Angelfish,1,134,565,494
sd16_jpg.rf.af47d6eb2bbcd23a072152ee321b6d28.jpg,640,640,Silver Dollar,83,97,462,573
54_jpg.rf.af6a7c1217877c88cb328b443c378a07.jpg,640,640,Swordtail,67,149,640,582
6_jpg.rf.b15645ff490f2c7ccc8f017e4632b218.jpg,640,640,Neon Tetra,26,94,604,558
8_jpg.rf.b1cbf2099760ec88e1c2bb87f189fc27.jpg,640,640,Bala Shark,164,216,464,385
b7_jpg.rf.b2b190a173f22e78f13c66b951328f2e.jpg,640,640,Bala Shark,95,138,582,543
11_jpg.rf.afd3097696d388a9436adb4e48097aa5.jpg,640,640,Bala Shark,94,334,506,549
1_jpg.rf.b3857f6375ed5ab75888473e797ffcf7.jpg,640,640,Bristlenose Pleco,27,43,637,623
sd19_jpg.rf.b1eedcf513e0cde9358e2547cf8e6d77.jpg,640,640,Silver Dollar,43,11,602,580
plec34_jpg.rf.b37b462b4d12a971030829afb50faeb7.jpg,640,640,Bristlenose Pleco,59,231,571,544
sd7_jpg.rf.b120ce7efacb757799af93f68beb2d4d.jpg,640,640,Silver Dollar,80,48,548,595
34_jpg.rf.b3ac74c38de90eefbe1a4127d2283113.jpg,640,640,Swordtail,26,159,597,471
plec24_JPG.rf.b4b75484a56dc4cc73ef1930cdcb5783.jpg,640,640,Bristlenose Pleco,29,126,594,339
31_jpg.rf.b4c044e0274cebaa9658b0d1cab1d6f8.jpg,640,640,Clown Loach,7,112,624,397
sd48_jpg.rf.b43a5903596aca6a1508c959cef0c94a.jpg,640,640,Silver Dollar,0,25,616,626
6_jpg.rf.b3c7e64e5fdecd86a7cef0d2964ce0f6.jpg,640,640,Bristlenose Pleco,76,15,640,554
1_png.rf.b61ab6772a1066eb1579b123f68b894d.jpg,640,640,Silver Dollar,72,39,590,619
b19_jpg.rf.b7816d5e322ea541e809a6f43d9da41e.jpg,640,640,Bristlenose Pleco,62,175,549,482
sd48_jpg.rf.b51bb64d14c446994eb0f61a2737accf.jpg,640,640,Silver Dollar,5,26,623,636
13_jpg.rf.b712fe3892c4dc52ea31fa2fb2f4b367.jpg,640,640,Swordtail,24,190,615,550
neon-tetra13_png.rf.b730ae08207c634533e4dc7f5cdf5505.jpg,640,640,Neon Tetra,95,188,605,439
sd1_jpg.rf.b78b295cfdf39428cbd48a879d71a3a1.jpg,640,640,Silver Dollar,117,107,555,529
plec27_jpg.rf.b5ef6fea4e25140216d83aef594887f9.jpg,640,640,Bristlenose Pleco,43,117,589,508
8_jpg.rf.b83d3d29be27fff6a02348da4d267d64.jpg,640,640,Neon Tetra,12,120,593,420
51_jpg.rf.b7cf8c45c3f78c862ae20578406c4b95.jpg,640,640,Swordtail,82,227,415,416
b18_jpg.rf.b848cf38751bdb5d3fa27a2f14ba73d5.jpg,640,640,Bristlenose Pleco,0,153,587,525
b6_jpg.rf.b85e5ae2755ad81da19aec539a261602.jpg,640,640,Bala Shark,26,69,605,537
b8_jpg.rf.b86ac57fc75eeeb18392b73b004f76c5.jpg,640,640,Bala Shark,58,157,533,472
fa38_jpg.rf.b87c853f222dcdb2050aebc928d1887e.jpg,640,640,Freshwater Angelfish,130,0,477,617
7_jpg.rf.b89076313a6bb6c1813e87b3b6d185e0.jpg,640,640,Neon Tetra,29,131,608,518
b5_jpg.rf.b89053c250fe12a67b510cf990e38f3d.jpg,640,640,Bala Shark,7,64,640,516
leff4_jpg.rf.b8bdc0b62cb0b45eee552c1dfd6a31b3.jpg,640,640,Bala Shark,75,230,504,496
54_jpg.rf.b8883521149871ec1a60b9e2ae5abf42.jpg,640,640,Swordtail,0,149,573,582
fa7_jpg.rf.b90b376936104eccbd24dac2934f4d57.jpg,640,640,Freshwater Angelfish,46,34,583,585
10_jpg.rf.b8fd6e79982cbcefc909b4db2b0a9cbd.jpg,640,640,Neon Tetra,142,84,368,291
10_jpg.rf.b8fd6e79982cbcefc909b4db2b0a9cbd.jpg,640,640,Neon Tetra,308,357,518,525
fa11_jpg.rf.b95e2a86fc8f60e82d3e8a91c950b557.jpg,640,640,Freshwater Angelfish,15,95,178,547
fa11_jpg.rf.b95e2a86fc8f60e82d3e8a91c950b557.jpg,640,640,Freshwater Angelfish,240,134,368,566
fa11_jpg.rf.b95e2a86fc8f60e82d3e8a91c950b557.jpg,640,640,Freshwater Angelfish,430,112,613,636
1_jpg.rf.b9952512bcd11655454e15a82ae4be1c.jpg,640,640,Bristlenose Pleco,0,69,640,589
9_jpeg.rf.b9a8d61a8155ddf9b96e754e2e059a10.jpg,640,640,Swordtail,35,148,566,595
fa47_jpg.rf.b961f3e30bde61aa93cd8ba3dafc5924.jpg,640,640,Freshwater Angelfish,131,46,507,632
6_jpeg.rf.b8b01713ee2b30deeefd81c19192d97f.jpg,640,640,Bala Shark,59,105,552,504
8_jpg.rf.b8b61165ae6384e9927a7c86da46648a.jpg,640,640,Neon Tetra,108,121,571,464
4_jpg.rf.bc9c75f05a65b7c58248d026701d2ecb.jpg,640,640,Bristlenose Pleco,30,114,610,615
3_jpg.rf.bac94a04442b94ab65d47f05ec1fce13.jpg,640,640,Bala Shark,14,93,602,566
b21_png.rf.babaafe6c38db732e498b6f79a969a76.jpg,640,640,Bristlenose Pleco,36,296,476,454
fa42_jpg.rf.bbf903a0683c981aa6838f3aa4426791.jpg,640,640,Freshwater Angelfish,136,0,591,614
leftt2_jpg.rf.bca6bdfff08de0b7bc82ca51af6c1f5d.jpg,640,640,Bala Shark,130,141,499,416
sd16_jpg.rf.bd461b2620c0d1b569afef065eb2de86.jpg,640,640,Silver Dollar,58,80,454,544
plec23_jpg.rf.bafb628096c1bc0f84669aba624684c0.jpg,640,640,Bristlenose Pleco,24,152,640,479
37_jpg.rf.bd783b7575d76032c5005085a0e07799.jpg,640,640,Swordtail,139,189,589,596
8_jpg.rf.ba75a3465fd3d89861529ba46db16d62.jpg,640,640,Swordtail,43,199,569,426
1_jpg.rf.bd67baf0cf3c48f35de92f22516f487f.jpg,640,640,Clown Loach,0,245,502,563
sd5_jpg.rf.be54bc4902cc0a91938a93d5a1e4c581.jpg,640,640,Silver Dollar,183,89,560,444
15_jpg.rf.bf25f32cb40edb142fa3edd9938ded0f.jpg,640,640,Neon Tetra,132,159,562,459
sd40_jpg.rf.bd18085bd14dce839e5418c81e65f1bc.jpg,640,640,Silver Dollar,58,52,576,609
47_jpg.rf.bc4d32b4c1acb9b14b085581ff4599a2.jpg,640,640,Swordtail,72,241,607,377
cl1_jpg.rf.be7a54d4742ae909b6f2ad5af1f3172b.jpg,640,640,Clown Loach,53,96,605,481
fa25_jpg.rf.bda51eb52ae3fc8d9e1e8e02c77d8c84.jpg,640,640,Freshwater Angelfish,226,122,452,588
6_jpg.rf.bd917ffeef39d9082bb710f7c75a476a.jpg,640,640,Neon Tetra,20,96,609,554
29_jpg.rf.c09131c39d164cd3c0ea181eb9d5bd82.jpg,640,640,Clown Loach,109,269,585,529
neon-tetra20_jpg.rf.bf4438efe21d1c6f98e156a8f49becc4.jpg,640,640,Neon Tetra,236,166,584,393
10_jpg.rf.c108233bb7fa415116b66d1b928cc9cb.jpg,640,640,Clown Loach,89,131,600,569
neon-tetra2_jpg.rf.c113b9a2c0c9f70d15bc89a73f4b6c5a.jpg,640,640,Neon Tetra,100,209,509,411
nt1_jpg.rf.bf3a0142d5c17f02386ad3dc6b8e3439.jpg,640,640,Neon Tetra,34,93,575,472
9_jpg.rf.c28d2be9bdcd856754a4b4348766ea34.jpg,640,640,Bala Shark,91,105,547,501
leff4_jpg.rf.c21c60cdda7b08a61f4293b2404e3165.jpg,640,640,Bala Shark,146,228,574,492
4_jpg.rf.c102eff9193ccabb1c0270732a5efa2c.jpg,640,640,Clown Loach,18,103,611,609
fa2_jpg.rf.c26bf49eedd89a059044aed69700d6f1.jpg,640,640,Freshwater Angelfish,337,162,631,640
fa2_jpg.rf.c26bf49eedd89a059044aed69700d6f1.jpg,640,640,Freshwater Angelfish,193,17,485,640
34_jpg.rf.c1cafdc710b2014c06de33b3b9057454.jpg,640,640,Clown Loach,34,145,633,568
29_jpg.rf.c2d87fbe8ca09881f4c8bab6c9e18a26.jpg,640,640,Clown Loach,110,269,588,529
59_jpg.rf.c315a18f0f645fad99ac7de86a6abad2.jpg,640,640,Swordtail,36,178,603,448
29_jpg.rf.c3567b6ae62a69344ee4e434c69b8a9d.jpg,640,640,Clown Loach,55,269,531,529
31_jpg.rf.c384f7de04b92567eefa4d8b57b7cfbc.jpg,640,640,Swordtail,50,215,535,410
2_jpg.rf.c39572bdeebb97c95e2a91b53a706a18.jpg,640,640,Clown Loach,109,114,600,574
fa27_jpg.rf.c3bb8e354b7d67808b93a4f0c3e7b905.jpg,640,640,Freshwater Angelfish,44,69,594,600
fa23_jpeg.rf.c366bb4801b02c7efe3d0ab40eec0cf0.jpg,640,640,Freshwater Angelfish,107,153,490,509
1_jpg.rf.c3c39667014e006ef5299e414309aa3f.jpg,640,640,Bala Shark,440,240,640,402
1_jpg.rf.c3c39667014e006ef5299e414309aa3f.jpg,640,640,Bala Shark,42,177,418,382
plec4_jpg.rf.c4366ee1e6da83e2d880a57df8f6b2fb.jpg,640,640,Bristlenose Pleco,54,194,594,539
fa15_png.rf.c3d5d2d91c2e14a99b342cd172db89ce.jpg,640,640,Freshwater Angelfish,79,25,603,623
rig1_jpg.rf.c52226cde8e6866eae667fa0f615e56a.jpg,640,640,Bala Shark,22,66,612,539
sd28_jpg.rf.c73317387fee2355d1ac34cc6812a75a.jpg,640,640,Silver Dollar,65,102,610,506
rig2_jpg.rf.c665858ae0999e4e1221f0a1c4a7c79c.jpg,640,640,Bala Shark,27,60,612,555
12_jpg.rf.c6970617d4d031fe77e03d6709579a90.jpg,640,640,Neon Tetra,71,189,504,495
fa49_jpg.rf.c6aa136f4a71b0c75cc2ec2060c7c95b.jpg,640,640,Freshwater Angelfish,56,139,544,485
21_jpg.rf.c58259f4e85b22cf4d60bb01f2f7ca50.jpg,640,640,Clown Loach,43,148,570,490
27_jpg.rf.c621ddf4af60522d7a9b10629f347dd0.jpg,640,640,Clown Loach,16,41,636,629
42_jpg.rf.c4e9e2aa88c9b9e6a20329cc177541ed.jpg,640,640,Swordtail,93,93,570,301
42_jpg.rf.c4e9e2aa88c9b9e6a20329cc177541ed.jpg,640,640,Swordtail,275,311,571,529